-- --------------------------------------------------------
-- Host:                         127.0.0.1
-- Server version:               8.0.26 - MySQL Community Server - GPL
-- Server OS:                    Win64
-- HeidiSQL Version:             11.3.0.6295
-- --------------------------------------------------------

/*!40101 SET @OLD_CHARACTER_SET_CLIENT=@@CHARACTER_SET_CLIENT */;
/*!40101 SET NAMES utf8 */;
/*!50503 SET NAMES utf8mb4 */;
/*!40014 SET @OLD_FOREIGN_KEY_CHECKS=@@FOREIGN_KEY_CHECKS, FOREIGN_KEY_CHECKS=0 */;
/*!40101 SET @OLD_SQL_MODE=@@SQL_MODE, SQL_MODE='NO_AUTO_VALUE_ON_ZERO' */;
/*!40111 SET @OLD_SQL_NOTES=@@SQL_NOTES, SQL_NOTES=0 */;


-- Dumping database structure for roundleague
CREATE DATABASE IF NOT EXISTS `roundleague` /*!40100 DEFAULT CHARACTER SET utf8mb4 COLLATE utf8mb4_unicode_ci */ /*!80016 DEFAULT ENCRYPTION='N' */;
USE `roundleague`;

-- Dumping structure for table roundleague.awards
CREATE TABLE IF NOT EXISTS `awards` (
  `AwardID` int NOT NULL AUTO_INCREMENT,
  `AwardName` varchar(200) DEFAULT NULL,
  `PlayerID` int DEFAULT NULL,
  `Week` int DEFAULT NULL,
  `IsSeasonAward` bit(1) DEFAULT NULL,
  `DateAwarded` date DEFAULT NULL,
  `SeasonID` int DEFAULT NULL,
  `DivisionID` int DEFAULT NULL,
  PRIMARY KEY (`AwardID`)
) ENGINE=InnoDB AUTO_INCREMENT=8 DEFAULT CHARSET=utf8mb4 COLLATE=utf8mb4_unicode_ci;

-- Dumping data for table roundleague.awards: ~6 rows (approximately)
/*!40000 ALTER TABLE `awards` DISABLE KEYS */;
REPLACE INTO `awards` (`AwardID`, `AwardName`, `PlayerID`, `Week`, `IsSeasonAward`, `DateAwarded`, `SeasonID`, `DivisionID`) VALUES
	(1, 'Player of the Week', 119, 1, b'0', '0000-00-00', 2, 1),
	(2, 'Player of the Week', 174, 1, b'0', '0000-00-00', 2, 2),
	(3, 'Summer 2021 Scoring Champion', 68, NULL, b'1', '2021-09-16', 2, 1),
	(4, 'Spring 2021 Scoring Champion', 68, NULL, b'1', '2021-09-16', 1, NULL),
	(5, 'Summer 2021 Season MVP', 68, NULL, b'1', '2021-09-16', 2, 1),
	(6, 'Summer 2021 All Star', 68, NULL, b'1', '2021-09-16', 2, 1),
	(7, 'Summer 2021 All First Team', 68, NULL, b'1', '2021-09-16', 2, 1);
/*!40000 ALTER TABLE `awards` ENABLE KEYS */;

-- Dumping structure for table roundleague.boxscores
CREATE TABLE IF NOT EXISTS `boxscores` (
  `BoxScoreID` int NOT NULL AUTO_INCREMENT,
  `HomeTeamID` int DEFAULT NULL,
  `HomeTeamScore` int DEFAULT NULL,
  `HomeTeamWin` bit(1) DEFAULT NULL,
  `AwayTeamID` int DEFAULT NULL,
  `AwayTeamScore` int DEFAULT NULL,
  `AwayTeamWin` bit(1) DEFAULT NULL,
  `SeasonID` int DEFAULT NULL,
  `DatePlayed` date DEFAULT NULL,
  `ScheduleID` int DEFAULT NULL,
  `DivisionID` int DEFAULT NULL,
  PRIMARY KEY (`BoxScoreID`)
) ENGINE=InnoDB DEFAULT CHARSET=utf8mb4 COLLATE=utf8mb4_unicode_ci;

-- Dumping data for table roundleague.boxscores: ~0 rows (approximately)
/*!40000 ALTER TABLE `boxscores` DISABLE KEYS */;
/*!40000 ALTER TABLE `boxscores` ENABLE KEYS */;

-- Dumping structure for table roundleague.divisions
CREATE TABLE IF NOT EXISTS `divisions` (
  `DivisionID` int NOT NULL AUTO_INCREMENT,
  `SeasonID` int DEFAULT NULL,
  `DivisionName` varchar(50) DEFAULT NULL,
  PRIMARY KEY (`DivisionID`)
) ENGINE=InnoDB AUTO_INCREMENT=7 DEFAULT CHARSET=utf8mb4 COLLATE=utf8mb4_unicode_ci;

-- Dumping data for table roundleague.divisions: ~6 rows (approximately)
/*!40000 ALTER TABLE `divisions` DISABLE KEYS */;
REPLACE INTO `divisions` (`DivisionID`, `SeasonID`, `DivisionName`) VALUES
	(1, 2, 'Western Conference'),
	(2, 2, 'Eastern Conference'),
	(3, 3, 'West Division'),
	(4, 3, 'East Division'),
	(5, 3, 'North Division'),
	(6, 3, 'South Division');
/*!40000 ALTER TABLE `divisions` ENABLE KEYS */;

-- Dumping structure for table roundleague.playergamelog
CREATE TABLE IF NOT EXISTS `playergamelog` (
  `PlayerGameLogID` int NOT NULL AUTO_INCREMENT,
  `PlayerID` int DEFAULT NULL,
  `FGM` int DEFAULT NULL,
  `FGA` int DEFAULT NULL,
  `3FGM` int DEFAULT NULL,
  `3FGA` int DEFAULT NULL,
  `FTM` int DEFAULT NULL,
  `FTA` int DEFAULT NULL,
  `Points` int DEFAULT NULL,
  `Rebounds` int DEFAULT NULL,
  `Assists` int DEFAULT NULL,
  `Steals` int DEFAULT NULL,
  `Blocks` int DEFAULT NULL,
  `BoxScoreID` int DEFAULT NULL,
  `SeasonID` int DEFAULT NULL,
  `DivisionID` int DEFAULT NULL,
  `TeamID` int DEFAULT NULL,
  `ScheduleID` int DEFAULT NULL,
  PRIMARY KEY (`PlayerGameLogID`)
) ENGINE=InnoDB AUTO_INCREMENT=11 DEFAULT CHARSET=utf8mb4 COLLATE=utf8mb4_unicode_ci COMMENT='Need to add FGM, FGA, 3FGM, 3FGA, FTM, FTA';

-- Dumping data for table roundleague.playergamelog: ~0 rows (approximately)
/*!40000 ALTER TABLE `playergamelog` DISABLE KEYS */;
/*!40000 ALTER TABLE `playergamelog` ENABLE KEYS */;

-- Dumping structure for table roundleague.players
CREATE TABLE IF NOT EXISTS `players` (
  `PlayerID` int NOT NULL AUTO_INCREMENT,
  `RegisterDate` date NOT NULL,
  `Email` varchar(200) CHARACTER SET utf8mb4 COLLATE utf8mb4_unicode_ci NOT NULL DEFAULT '',
  `firstName` varchar(200) NOT NULL DEFAULT '',
  `lastName` varchar(200) NOT NULL DEFAULT '',
  `BirthDate` date NOT NULL,
  `Phone` varchar(200) CHARACTER SET utf8mb4 COLLATE utf8mb4_unicode_ci NOT NULL DEFAULT '',
  `HighestLevel` varchar(200) CHARACTER SET utf8mb4 COLLATE utf8mb4_unicode_ci DEFAULT NULL,
  `FullyVaccinated` varchar(100) CHARACTER SET utf8mb4 COLLATE utf8mb4_unicode_ci NOT NULL DEFAULT '',
  `FreeAgent` varchar(50) CHARACTER SET utf8mb4 COLLATE utf8mb4_unicode_ci DEFAULT NULL,
  `position` varchar(200) NOT NULL DEFAULT '',
  `height` varchar(200) NOT NULL DEFAULT '',
  `weight` varchar(200) NOT NULL DEFAULT '',
  `hometown` varchar(200) NOT NULL DEFAULT '',
  `School` varchar(200) CHARACTER SET utf8mb4 COLLATE utf8mb4_unicode_ci NOT NULL DEFAULT '',
  `PermissionToShare` varchar(20) CHARACTER SET utf8mb4 COLLATE utf8mb4_unicode_ci DEFAULT NULL,
  `Status` varchar(200) NOT NULL DEFAULT '',
  `PhotoURL` varchar(200) NOT NULL DEFAULT '',
  `Instagram` varchar(200) NOT NULL DEFAULT '',
  `DivisionID` int NOT NULL DEFAULT '0',
  `Team` varchar(200) DEFAULT NULL,
  PRIMARY KEY (`PlayerID`) USING BTREE
) ENGINE=InnoDB AUTO_INCREMENT=585 DEFAULT CHARSET=utf8mb4 COLLATE=utf8mb4_unicode_ci;

-- Dumping data for table roundleague.players: ~454 rows (approximately)
/*!40000 ALTER TABLE `players` DISABLE KEYS */;
REPLACE INTO `players` (`PlayerID`, `RegisterDate`, `Email`, `firstName`, `lastName`, `BirthDate`, `Phone`, `HighestLevel`, `FullyVaccinated`, `FreeAgent`, `position`, `height`, `weight`, `hometown`, `School`, `PermissionToShare`, `Status`, `PhotoURL`, `Instagram`, `DivisionID`, `Team`) VALUES
	(2, '2021-06-22', 'd.kim1294@gmail.com', 'David', 'Kim', '1994-12-09', '5037841939 (iPhone)', 'Highschool Varsity', 'Yes', '', '', '', '', '', '', '', '', '', '', 0, NULL),
	(3, '2021-06-22', 'lidennis62@gmail.com', 'Dennis', 'Li', '1997-06-02', '5038780380', 'Recreational', 'No', '', '', '', '', '', '', '', '', '', '', 0, NULL),
	(4, '2021-06-22', 'kevcmcclean@gmail.com', 'Kevin', 'McClean', '1995-04-22', '9712216638', 'Highschool Varsity', 'Yes', '', '', '', '', '', '', '', '', '', '', 0, NULL),
	(5, '2021-06-24', 'nateanders95@gmail.com', 'Nathanael', 'Anderson', '1995-04-29', '(253)-777-7849 (android)', 'College', 'Yes', 'No', '', '', '', '', '', '', '', '', '', 0, NULL),
	(6, '2021-06-25', 'brandonphanthavong16@gmail.com', 'Brandon', 'Phanthavong', '2000-08-04', 'Iphone', 'Recreational', 'Yes', 'No', '', '', '', '', '', '', '', '', '', 0, NULL),
	(7, '2021-06-26', 'jospinmugisha@gmail.com', 'Jospin', 'Mugisha', '2002-04-04', '5033301930 (iPhone)', 'Highschool Varsity', 'Yes', 'No', '', '', '', '', '', '', '', '', '', 0, NULL),
	(8, '2021-06-26', 'herzbergcaleb@gmail.com', 'Caleb', 'Herzberg', '1995-03-22', '9714442114', 'College', 'Yes', 'No', '', '', '', '', '', '', '', '', '', 0, NULL),
	(9, '2021-06-26', 'nateanders95@gmail.com', 'Nate', 'Anderson', '1995-04-29', '(253)-777-7849 (android)', 'College', 'Yes', 'No', '', '', '', '', '', '', '', '', '', 0, NULL),
	(10, '2021-06-29', 'mendozafamiy28@outlook.com', 'Francisco', 'Mendoza', '1990-08-16', '9712739216(iPhone)', 'Highschool Varsity', 'Yes', 'No', '', '', '', '', '', '', '', '', '', 0, NULL),
	(11, '2021-06-29', 'lett0903@pacificu.edu', 'L James', 'Lett', '1995-06-15', '6197871192', 'Highschool Varsity', 'No', 'No', '', '', '', '', '', '', '', '', '', 0, NULL),
	(12, '2021-06-29', 'markellmoser6@gmail.com', 'Markell', 'Moser', '1998-11-07', '503-856-4493 (IPhone)', 'College', 'Rather Not Say', 'No', '', '', '', '', '', '', '', '', '', 0, NULL),
	(13, '2021-06-30', 'jordanewell7@yahoo.com', 'JB', 'Ewell', '1995-07-17', '9719989402', 'College', 'Yes', 'No', '', '', '', '', '', '', '', '', '', 0, NULL),
	(14, '2021-06-30', 'reginaldg_20@yahoo.com', 'Reggie', 'Guyton', '1988-07-19', '5038915910', 'Professional', 'Yes', 'No', '', '', '', '', '', '', '', '', '', 0, NULL),
	(15, '2021-06-30', 'deiondrebird@yahoo.com', 'Deiondre', 'Bird', '1995-11-16', '5039018720 (iPhone)', 'College', 'Yes', 'No', '', '', '', '', '', '', '', '', '', 0, NULL),
	(16, '2021-06-30', 'toring1287@gmail.com', 'Torin', 'Glynn Jr.', '1987-08-12', '9715061394', 'Highschool Varsity', 'Rather Not Say', 'No', '', '', '', '', '', '', '', '', '', 0, NULL),
	(17, '2021-06-30', 'Treynelson21@hotmail.com', 'Trey', 'Nelson', '1995-07-10', '5039275778 iPhone', 'College', 'No', 'No', '', '', '', '', '', '', '', '', '', 0, NULL),
	(18, '2021-06-30', 'merriweatherjay34@gmail.com', 'Jay', 'Merriweather', '1996-09-06', '714-394-7946 iPhone', 'College', 'Yes', 'No', '', '', '', '', '', '', '', '', '', 0, NULL),
	(19, '2021-06-30', 'rhardial21@gmail.com', 'Rowan', 'Hardial Jr.', '1988-01-21', '3477570354', 'College', 'Yes', 'No', '', '', '', '', '', '', '', '', '', 0, NULL),
	(20, '2021-06-30', 'ricoreasoner@gmail.com', 'Mark', 'reasoner', '1989-01-12', '5037190202 (iPhone)', 'Recreational', 'Yes', 'No', '', '', '', '', '', '', '', '', '', 0, NULL),
	(21, '2021-07-01', 'richardung@ymail.com', 'Richard', 'Ung', '1991-02-08', 'iPhone', 'College', 'Yes', 'No', 'Shooting Guard', '6', '200', 'Portland, OR', 'University of Oregon', 'Yes', '', '', '', 0, NULL),
	(22, '2021-07-01', 'cooperbetts@gmail.com', 'Cooper', 'Betts', '1995-04-22', '5036865645', 'High School JV', 'Yes', 'No', 'Shooting Guard', '5’7', '170', 'Beaverton/Tigard', 'University of Oregon', 'No', '', '', '', 0, NULL),
	(23, '2021-07-01', 'noahjacobson13@gmail.com', 'Noah', 'Jacobson', '1997-12-13', '9713028446 iPhone', 'College', 'Yes', 'No', 'Point Guard', '5’11', '157', 'Portland', 'Grinnell College', 'Yes', '', '', '', 0, NULL),
	(24, '2021-07-01', 'takim42@gmail.com', 'Tristian', 'Kim', '1991-01-11', '9713403998', 'Recreational', 'Yes', 'No', 'Power Forward', '5’10', '193', 'Beaverton', 'Le cordon bleu', 'Yes', '', '', '', 0, NULL),
	(25, '2021-07-01', 'jjpk412@gmail.com', 'Joseph', 'Kaylor', '2000-12-04', '5038663303 (iPhone)', 'Recreational', 'Yes', 'No', 'Shooting Guard', '6’1', '155', 'Gresham', 'Mt Hood Community College', 'Yes', '', '', '', 0, NULL),
	(26, '2021-07-01', 'Mosjam0801@gmail.com', 'JAMAAL', 'MOSLEY', '1984-08-01', '5033323203', 'College', 'Yes', 'No', 'Power Forward', '6', '300', 'Vancouver', 'Elizabeth city state university', 'Yes', '', '', '', 0, NULL),
	(27, '2021-07-01', 'samphan503@yahoo.com', 'Sam', 'Phan', '1996-12-08', '5037547492', 'Recreational', 'Yes', 'No', 'Point Guard', '5’7', '166', 'Portland', 'University of Oregon', 'Yes', '', '', '', 0, NULL),
	(28, '2021-07-01', 'langkimthang@gmail.com', 'Thang', 'Lang Kim', '1998-04-22', '5039980855', 'Highschool Varsity', 'Yes', 'No', 'Point Guard', '5’10”', '173', 'Portland', 'Oregon state university', 'Yes', '', '', '', 0, NULL),
	(29, '2021-07-01', 'wesleyfj3@gmail.com', 'Wes', 'Johnson', '1997-11-15', '9712677537', 'College', 'Yes', 'No', 'Shooting Guard', '6’3', '190', 'Milwaukie', 'University of Oregon', 'Yes', '', '', '', 0, NULL),
	(30, '2021-07-01', 'kraigschuler14@gmail.com', 'Kraig', 'schuler', '1981-01-26', '503 348 0694', 'Professional', 'Yes', 'No', 'Shooting Guard', '6\'7"', '230', 'Portland', 'Linn-benton community college', 'Yes', '', '', '', 0, NULL),
	(31, '2021-07-01', 'kendall_rankins05@yahoo.com', 'Kendall', 'Rankins', '1986-11-08', '5037568490', 'Highschool Varsity', 'Yes', 'No', 'Point Guard', '5\'8', '177', 'North Carolina', 'Roanoke Bible College', 'Yes', '', '', '', 0, NULL),
	(32, '2021-07-01', 'dickiea536@gmail.com', 'Dickie', 'Anderson III', '1993-03-19', '971 724 8949', 'College', 'Rather Not Say', 'Yes', 'Point Guard', '6’1', '170', 'Portland', 'PCC', 'Yes', '', '', '', 0, NULL),
	(33, '2021-07-01', 'karchield@yahoo.com', 'Kyle', 'Archield', '1985-01-09', '9717279353 iPhone', 'College', 'Rather Not Say', 'No', 'Shooting Guard', '6 ft 1', '185', 'Houston', 'Portland State', 'Yes', '', '', '', 0, NULL),
	(35, '2021-07-01', 'archield.tristan@gmail.com', 'Tristan', 'Archield', '1989-03-30', '9712289897', 'College', 'Yes', 'No', 'Point Guard', '6’4', '180', 'Portland', 'Psu', 'Yes', '', '', '', 0, NULL),
	(36, '2021-07-01', 'demarco023@yahoo.com', 'Marco', 'Williams', '1994-02-10', '3134788700', 'Recreational', 'Yes', 'No', 'Shooting Guard', '6’1', '225', 'Detroit, Michigan ', 'Carmel High School', 'Yes', '', '', '', 0, NULL),
	(37, '2021-07-02', 'sryan6804@gmail.com', 'Ryan', 'skinner', '1986-02-17', '5038671201 I phone', 'Recreational', 'Rather Not Say', 'No', 'Point Guard', '5”10', '170', 'Portland', 'Tigard', 'No', '', '', '', 0, NULL),
	(38, '2021-07-02', 'david.nich3@gmail.com', 'David', 'Nicholson', '1994-02-26', '4436022294', 'College', 'Yes', 'No', 'Shooting Guard', '6\'3"', '180', 'Odenton MD', 'University of Oregon', 'Yes', '', '', '', 0, NULL),
	(39, '2021-07-02', 'kylewestham@hotmail.com', 'Kyle', 'Horgan', '1993-11-29', '5037072974', 'Recreational', 'Yes', 'No', 'Shooting Guard', '6’3', '215', 'Portland', 'Portland Community College', 'Yes', '', '', '', 0, NULL),
	(40, '2021-07-02', 'collinsturner222@gmail.com', 'Collins', 'Turner', '1993-05-11', '5035236006 iPhone', 'Recreational', 'Yes', 'No', 'Shooting Guard', '6’0', '185', 'Beaverton', 'Portland Community College', 'Yes', '', '', '', 0, NULL),
	(41, '2021-07-02', 'darianhayes92@icloud.com', 'Darian', 'Hayes', '1992-07-18', '503-997-8759', 'Recreational', 'Rather Not Say', 'No', 'Point Guard', '6’1', '197', 'Detroit, MI', 'University of Natural Health', 'No', '', '', '', 0, NULL),
	(42, '2021-07-02', 'bryonabe@hotmail.com', 'Bryon', 'Dunn-Abe', '1996-03-20', '9712918829', 'Highschool Varsity', 'Rather Not Say', 'No', 'Small Forward', '6’4”', '190', 'Portland, OR', 'UNH', 'Yes', '', '', '', 0, NULL),
	(43, '2021-07-02', 'maxrudolf44@yahoo.com', 'Max', 'Rudolf', '1993-04-21', '9712215999', 'Recreational', 'No', 'No', 'Center', '6 ft 4', '220', 'Portland', 'West view highschool', 'Yes', '', '', '', 0, NULL),
	(44, '2021-07-02', 'troyjun400@gmail.com', 'Troy', 'Jun', '1996-05-13', '5037201885 iPhone', 'Highschool Varsity', 'Yes', 'No', 'Shooting Guard', '5’11', '180', 'Portland', 'University of Oregon', 'Yes', '', '', '', 0, NULL),
	(45, '2021-07-03', 'abefikadu@icloud.com', 'Abe', 'Fikadu', '1994-10-07', '5039196341', 'Recreational', 'Rather Not Say', 'No', 'Shooting Guard', '5”10', '220', 'Portland', 'Portland Community College', 'Yes', '', '', '', 0, NULL),
	(46, '2021-07-03', 'dfortier15@gmail.com', 'Devon', 'Fortier', '1996-10-10', 'iPhone', 'Highschool Varsity', 'Yes', 'No', 'Point Guard', '5’10', '195', 'Portland', 'Western Oregon University', 'Yes', '', '', '', 0, NULL),
	(47, '2021-07-03', 'whitekyle2227@gmail.com', 'Kyle', 'White', '1995-01-23', '7193063895', 'Professional', 'Yes', 'No', 'Shooting Guard', '6’0', '204', 'Montgomery', 'Oregon State University', 'Yes', '', '', '', 0, NULL),
	(48, '2021-07-03', 'malloy22nc@yahoo.com', 'Shawn', 'Malloy', '1984-01-25', '9102570083', 'Professional', 'No', 'No', 'Power Forward', '6’10', '295', 'Raeford, NC', 'University of New Orleans', 'Yes', '', '', '', 0, NULL),
	(49, '2021-07-03', 'joshhackett220@gmail.com', 'Josh', 'Hackett', '1991-10-06', '9712710482', 'Highschool Varsity', 'Rather Not Say', 'Yes', 'Shooting Guard', '6’ 2”', '185', 'Omaha', 'UNL', 'Yes', '', '', '', 0, NULL),
	(50, '2021-07-03', 'jameswratliff@gmail.com', 'James', 'Ratliff', '1991-03-19', '2099180910', 'Recreational', 'Yes', 'No', 'Small Forward', '6’', '165', 'Lake Oswego', 'Portland State', 'Yes', '', '', '', 0, NULL),
	(51, '2021-07-04', 'grantewelljr@gmail.com', 'Grant', 'Ewell Jr.', '2000-07-06', '5033802936', 'Highschool Varsity', 'No', 'No', 'Point Guard', '6’0”', '195', 'Portland', 'Butte College', 'Yes', '', '', '', 0, NULL),
	(52, '2021-07-04', 'jjohnson7333@yahoo.com', 'Jaalen', 'Johnson', '1995-06-22', '5037305443 Iphone', 'Highschool Varsity', 'No', 'No', 'Point Guard', '6', '185', 'Portland, OR', 'University of Oregon', 'Yes', '', '', '', 0, NULL),
	(53, '2021-07-04', 'vishal.chand@yahoo.com', 'Vishal', 'Chand', '1999-08-29', '5038759821', 'Highschool Varsity', 'Yes', 'No', 'Shooting Guard', '5’11', '220', 'Portland', 'Mt community college', 'Yes', '', '', '', 0, NULL),
	(54, '2021-07-04', 'rjrobles@comcast.net', 'Raoul', 'Robles', '1992-07-24', '5037295019', 'Recreational', 'Yes', 'No', 'Shooting Guard', '5\' 11"', '168', 'Milwaukie', 'Clackamas Community College', 'Yes', '', '', '', 0, NULL),
	(55, '2021-07-04', 'coryragsdale2012@gmail.com', 'Cory', 'Ragsdale', '1990-10-03', '9713310611 (android)', 'Recreational', 'Rather Not Say', 'No', 'Shooting Guard', '5\'11', '225', 'Portland, Oregon', 'Milwaukie high', 'Yes', '', '', '', 0, NULL),
	(56, '2021-07-04', 'lilad0803@gmail.com', 'Arthur', 'Dickson', '1992-08-03', '15038399152', 'Mid college', 'No', 'No', 'Small Forward', '6\'2', '190', 'Portland', 'University of Oregon', 'Yes', '', '', '', 0, NULL),
	(57, '2021-07-04', 'ahatoregon@gmail.com', 'Imani', 'Waddell', '1992-05-31', '5039135746 IPhone', 'School Ball and Coaching', 'Rather Not Say', 'No', 'Point Guard', '6’0', '205', 'Boston, MA', 'LEP High School', 'Yes', '', '', '', 0, NULL),
	(58, '2021-07-04', 'davidwharris77@mail.com', 'David', 'Harris', '1985-08-25', '9718670213 (flip phone :p)', 'Recreational', 'Rather Not Say', 'No', 'Small Forward', '5\'10"', '200', 'Milwaukie', 'Clackamas Community College', 'Yes', '', '', '', 0, NULL),
	(59, '2021-07-04', 'tvermillion03@gmail.com', 'Trevor', 'Vermillion', '1999-08-25', '9719402154 iPhone', 'Recreational', 'No', 'No', 'Center', '6’7', '194', 'Clackamas', 'Clackamas High', 'Yes', '', '', '', 0, NULL),
	(60, '2021-07-04', 'jrturner911@yahoo.com', 'Jacob', 'Turner', '2000-01-13', '9712393315', 'Recreational', 'Yes', 'No', 'Shooting Guard', '6 foot 2', '172', 'Salem', 'Chemeketa', 'Yes', '', '', '', 0, NULL),
	(61, '2021-07-04', 'keyyoung13@yahoo.com', 'Kristian', 'Young', '1995-06-24', '352-422-2988', 'College', 'Rather Not Say', 'No', 'Point Guard', '6’0', '225', 'Lecanto FL', 'Mesabi range community collehe', 'Yes', '', '', '', 0, NULL),
	(62, '2021-07-05', 'noah.troublefield@gmail.com', 'Noah', 'Troublefield', '1998-09-17', '9492950071. Iphone', 'College', 'Yes', 'No', 'Small Forward', '6’6', '210', 'Los Angeles', 'University of Oregon', 'Yes', '', '', '', 0, NULL),
	(63, '2021-07-05', 'fjescalona09@gmail.com', 'Franklin', 'Escalona', '1990-11-27', 'iPhone', 'Highschool Varsity', 'Yes', 'No', 'Point Guard', '5’5', '130', 'Pdx', 'WHS', 'No', '', '', '', 0, NULL),
	(64, '2021-07-05', 'zackizawesome@gmail.com', 'Zack', 'Malone', '1995-10-08', '9712261604', 'Recreational', 'Rather Not Say', 'Yes', 'Power Forward', '6’3', '185', 'Hillsboro', 'Cebtury', 'Yes', '', '', '', 0, NULL),
	(65, '2021-07-05', 'jdenson23@yahoo.com', 'James', 'Denson', '1992-12-02', '9712227238', 'Recreational', 'Yes', 'No', 'Point Guard', '6\'0', '163', 'Portland', 'PSU', 'Yes', '', '', '', 0, NULL),
	(66, '2021-07-05', 'markellmoser6@gmail.com', 'Markell', 'Moser', '1998-11-07', '503-856-4493 (IPhone)', 'College', 'Rather Not Say', 'No', 'Shooting Guard', '6’8', '195', 'Salem, Oregon', 'Pacific University', 'Yes', '', '', '', 0, NULL),
	(67, '2021-07-05', 'abdimohamoud24@gmail.com', '#REF!', '', '1996-01-05', '5039579238', 'Recreational', 'Yes', 'No', 'Shooting Guard', '5’9', '145', 'Tigard', 'PCC', 'Yes', '', '', '', 0, NULL),
	(68, '2021-07-05', 'isiahdenson3@gmail.com', 'Isiah', 'Denson', '1994-10-23', '9712226810', 'Professional', 'Rather Not Say', 'No', 'Point Guard', '6’1', '180', 'Portland', 'Portland state', 'Yes', '', '', '', 0, NULL),
	(69, '2021-07-05', 'Cartersjolin6998@gmail.com', 'Carter', 'sjolin', '1996-10-18', '971-900-6454 iphone', 'Highschool Varsity', 'Yes', 'No', 'Shooting Guard', '6 foot', '223', 'Portland', 'Westview', 'Yes', '', '', '', 0, NULL),
	(70, '2021-07-05', 'lett0903@pacificu.edu', 'James', 'Lett', '1995-06-15', 'Iphone', 'Highschool Varsity', 'No', 'No', 'Small Forward', '6’2', '220', 'San Diego, CA', 'Hilltop High School', 'Yes', '', '', '', 0, NULL),
	(71, '2021-07-05', 'pichomorales@yahoo.com', 'Alejandro', 'Morales', '1981-01-25', '5039198910', 'Highschool Varsity', 'Yes', 'No', 'Point Guard', '5\'7"', '190', 'Gervais', 'Clackamas community College', 'Yes', '', '', '', 0, NULL),
	(72, '2021-07-05', 'mendozafamily28@outlook.com', 'Francisco', 'Mendoza', '1990-08-16', '9712739216(iphone)', 'Recreational', 'Yes', 'No', 'Shooting Guard', '5.1', '223', 'Woodburn', 'Cleveland high school', 'Yes', '', '', '', 0, NULL),
	(73, '2021-07-05', 'jjdenson12@yahoo.com', 'Jesse', 'Denson', '1994-08-18', '5036218323', 'Recreational', 'Rather Not Say', 'No', 'Shooting Guard', '5’9', '180', 'Portland', 'Portland State', 'Yes', '', '', '', 0, NULL),
	(74, '2021-07-05', 'sergiosmith53@hotmail.com', 'Sergio', 'Smith', '1994-10-29', '8439220338', 'College', 'Yes', 'No', 'Small Forward', '6’4', '215', 'Dorchester, SC', 'Lander University', 'Yes', '', '', '', 0, NULL),
	(75, '2021-07-05', 'alexarchield21@yahoo.com', 'Alexander', 'Archield', '1991-02-19', '503-840-8524', 'Recreational', 'Rather Not Say', 'No', 'Shooting Guard', '6 foot', '175', 'Houston', 'Portland State', 'Yes', '', '', '', 0, NULL),
	(76, '2021-07-05', 'daniel.kolesnikov@gmail.com', 'Daniel', 'Kolesnikov', '1996-12-01', '5037567702 iPhone', 'Highschool Varsity', 'Yes', 'No', 'Shooting Guard', '6’1', '215', 'Spokane, Washington', 'University of Oregon', 'Yes', '', '', '', 0, NULL),
	(77, '2021-07-05', 'canalin.matthew@gmail.com', 'Matt', 'Canalin', '1997-06-01', '510-846-0764 (iPhone)', 'College', 'Yes', 'No', 'Point Guard', '5’9', '195', 'Alameda, CA', 'Portland Community College', 'Yes', '', '', '', 0, NULL),
	(78, '2021-07-05', 'swill744@yahoo.com', 'Tay', 'Arigbon', '1995-02-14', '9713407723', 'College', 'Rather Not Say', 'No', 'Shooting Guard', '6’2', '200', 'Portland', 'Warner', 'No', '', '', '', 0, NULL),
	(79, '2021-07-05', 'Dyrall.goods94@gmail.com', 'Dyrall', 'Goods', '1994-09-28', '9712229278', 'College', 'No', 'No', 'Point Guard', '6\'1', '180', 'Portland', 'Lane Community College', 'Yes', '', '', '', 0, NULL),
	(80, '2021-07-05', 'angelo.tupper1@yahoo.com', '#REF!', '', '1993-04-16', '5037570971', 'College', 'Rather Not Say', 'No', 'Small Forward', '6’4”', '265', 'Portland', 'Portland community college', 'Yes', '', '', '', 0, NULL),
	(81, '2021-07-05', 'zcummings20@yahoo.com', 'Zachary', 'Cummings', '1994-04-09', '5419777753 iPhone', 'College', 'Yes', 'No', 'Point Guard', '5’9”', '170', 'Sisters', 'University of Oregon', 'Yes', '', '', '', 0, NULL),
	(82, '2021-07-05', 'toring1287@gmail.com', 'Torin', 'Glynn', '1987-08-12', '9715061394', 'Highschool Varsity', 'Rather Not Say', 'No', 'Small Forward', '6\'3', '190', 'Sacramento', 'PCC', 'Yes', '', '', '', 0, NULL),
	(83, '2021-07-05', 'keithpaschal5@gmail.com', 'Keith', 'Paschal', '1997-06-05', '5039338933', 'Highschool Varsity', 'Yes', 'No', 'Shooting Guard', '6’1', '200', 'Portland', 'University of Oregon', 'Yes', '', '', '', 0, NULL),
	(84, '2021-07-05', 'rayoayo13@gmail.com', 'Ray', 'Ayo', '1994-11-28', '5038161710', 'Highschool Varsity', 'Yes', 'No', 'Shooting Guard', '5’9', '175', 'Eugene, Oregon ', 'University of Oregon', 'Yes', '', '', '', 0, NULL),
	(85, '2021-07-06', 'jinue95@gmail.com', 'Jones', 'Casimir', '1983-09-08', '9713023722', 'College', 'Yes', 'Yes', 'Power Forward', '6’3', '215', 'St. Thomas', 'Arizona state', 'Yes', '', '', '', 0, NULL),
	(86, '2021-07-06', 'Jrmoore15@gmail.com', 'JR', 'Moore', '1983-12-15', '5034389068', 'Professional', 'Yes', 'No', 'Power Forward', '6\'9', '300', 'Portland', 'Portland State', 'Yes', '', '', '', 0, NULL),
	(87, '2021-07-06', 'dlamb.dl.dl@gmail.com', 'Doug', 'lamb', '1981-01-31', '9712697315', 'D-1 University', 'No', 'No', 'Point Guard', '6’0', '200', 'Brooklyn ny', 'Western Oregon', 'Yes', '', '', '', 0, NULL),
	(88, '2021-07-06', 'drebell68@yahoo.com', 'Twandrae', 'Bell', '1989-01-21', '3605536344', 'Highschool Varsity', 'No', 'No', 'Shooting Guard', '6’3', '164', 'Beaverton', 'Clark College', 'Yes', '', '', '', 0, NULL),
	(89, '2021-07-06', 'balandi.antonio@hotmail.com', 'Antonio', 'Balandi', '1996-06-13', '315-243-3566', 'College', 'Yes', 'Yes', 'Small Forward', '6’6', '215', 'Portland', 'Syracuse University', 'Yes', '', '', '', 0, NULL),
	(90, '2021-07-06', 'jettzion@icloud.com', 'Jett', 'Sheng', '2001-10-04', '9712695626', 'Highschool Varsity', 'Yes', 'No', 'Point Guard', '5’10', '142', 'Portland', 'CETYS Universidad', 'Yes', '', '', '', 0, NULL),
	(91, '2021-07-06', 'samuelbodine@gmail.com', 'Samuel', 'Bodine', '1995-12-05', 'Iphone', 'Highschool Varsity', 'Yes', 'No', 'Small Forward', '6’2', '220', 'Portland', 'Portland State', 'Yes', '', '', '', 0, NULL),
	(92, '2021-07-06', 'colegatewood5@gmail.com', 'Cole', 'Gatewood', '1994-07-07', '5036088501', 'College', 'Yes', 'No', 'Shooting Guard', '6’4', '180', 'Portland', 'Umpqua CC', 'Yes', '', '', '', 0, NULL),
	(93, '2021-07-06', 'mgatewood15@yahoo.com', 'Miles', 'gatewood', '1992-12-16', '5038405887', 'College', 'Yes', 'No', 'Point Guard', '6’1', '170', 'Portland', 'West Texas am', 'Yes', '', '', '', 0, NULL),
	(94, '2021-07-06', 'ty_niles@yahoo.com', 'Tyler', 'Niles', '1995-04-06', '5037500221', 'Recreational', 'Yes', 'No', 'Point Guard', '6\'1', '165', 'Beaverton', 'University of Oregon', 'Yes', '', '', '', 0, NULL),
	(95, '2021-07-06', 'jc.railey216@gmail.com', 'Jordan', 'Railey', '1992-04-01', '5035220228', 'Professional', 'Rather Not Say', 'No', 'Center', '7foot', '278lbs', 'Portland', 'Washington State university', 'Yes', '', '', '', 0, NULL),
	(96, '2021-07-06', 'kggreene2@yahoo.com', 'Givon', 'Greene', '1996-04-18', '5038831794', 'Highschool Varsity', 'Rather Not Say', 'No', 'Shooting Guard', '6’2”', '150', 'Aloha', 'Aloha High School', 'Yes', '', '', '', 0, NULL),
	(97, '2021-07-06', 'kingdoyle503@yahoo.com', 'Cedale', 'doyle', '1986-07-02', 'iPhone', 'Professional', 'No', 'No', 'Point Guard', '6’1', '215', '503 NEP', 'San Diego Christian college/Concordia university', 'Yes', '', '', '', 0, NULL),
	(98, '2021-07-06', 'baileyh33@gmail.com', 'Heath', 'Bailey', '1981-06-09', '9712708724', 'D-1 University', 'Yes', 'No', 'Power Forward', '6\'10', '260', 'BEAVERTON', 'Angelo state university', 'Yes', '', '', '', 0, NULL),
	(99, '2021-07-06', 'jaewaddell@icloud.com', 'Jerrell', 'Waddell', '1999-05-28', '503-893-0113 iPhone', 'Highschool Varsity', 'Yes', 'No', 'Point Guard', '6,2', '210', 'Portland', 'Portland State University', 'Yes', '', '', '', 0, NULL),
	(100, '2021-07-06', 'smjvh1@gmail.com', 'Jonathan', 'Gutierrez', '1993-07-24', '97 18062707', 'College', 'Yes', 'No', 'Point Guard', '6’1', '200', 'Washington', 'Hillsboro high school', 'No', '', '', '', 0, NULL),
	(101, '2021-07-06', 'zebstock@gmail.com', 'Zebulun', 'Stock', '1998-04-22', '5033584010 iPhone', 'Highschool Varsity', 'Rather Not Say', 'No', 'Shooting Guard', '6’4', '190', 'Portland', 'University of Oregon', 'Yes', '', '', '', 0, NULL),
	(102, '2021-07-06', 'zayzaykhalil@gmail.com', 'Isaiah', 'Lampton', '1999-06-07', 'I phone', 'Highschool Varsity', 'Rather Not Say', 'No', 'Power Forward', '6’2', '187', 'Portland', 'PCC', 'Yes', '', '', '', 0, NULL),
	(103, '2021-07-06', 'colinshearmire@gmail.com', 'Colin', 'Shearmire', '1998-07-23', 'iPhone 5033419855', 'Highschool Varsity', 'Yes', 'No', 'Center', '6’6', '220', 'West Linn', 'PSU', 'Yes', '', '', '', 0, NULL),
	(104, '2021-07-06', 'tarasgoshko0@gmail.com', 'Taras', 'Goshko', '1999-07-17', '5034425240', 'Recreational', 'Rather Not Say', 'No', 'Shooting Guard', '5 foot 9 inch', '180', 'Portland', 'PCC', 'Yes', '', '', '', 0, NULL),
	(105, '2021-07-06', 'jakem.olsen2@gmail.com', 'Jake', 'Olsen', '1993-11-02', '5038078834 iphone', 'College', 'Yes', 'No', 'Point Guard', '5’10”', '155', 'Portland, OR', 'University of Redlands', 'Yes', '', '', '', 0, NULL),
	(106, '2021-07-06', 'trees4knick@gmail.com', 'Nick', 'Le Viner', '1984-01-04', '5037803616', 'Highschool Varsity', 'No', 'No', 'Center', '6’3', '200', 'Portland', 'Roosevelt', 'Yes', '', '', '', 0, NULL),
	(107, '2021-07-07', 'ausrose12@gmail.com', 'Austin', 'Rose', '1998-05-07', '5039750943', 'Highschool Varsity', 'Rather Not Say', 'No', 'Power Forward', '6’4', '205', 'Portland', 'Portland State University', 'Yes', '', '', '', 0, NULL),
	(108, '2021-07-07', 'alecgonzales2026@gmail.com', 'Alec', 'Gonzales', '1984-12-05', '5037819020', 'All army team', 'Yes', 'No', 'Power Forward', '6’5', '255', 'Hillsboro', 'Glencoe hs', 'Yes', '', '', '', 0, NULL),
	(109, '2021-07-07', 'Drebell68@yahoo.com', 'Dre', 'Bell', '1989-01-21', '3605536344', 'Recreational', 'No', 'No', 'Shooting Guard', '6’3', '164', 'Beaverton', 'Clark College', 'Yes', '', '', '', 0, NULL),
	(110, '2021-07-07', 'joe@action-service.com', 'Joe', 'Workman', '1979-02-10', '5039535857', 'College', 'Rather Not Say', 'No', 'Shooting Guard', '6’2', '210', 'Canby', 'Gervais', 'Yes', '', '', '', 0, NULL),
	(111, '2021-07-07', 'hrudolfuo@hotmail.com', 'Hans', 'Rudolf', '1990-11-19', '9712215631', 'Club teams', 'Yes', 'No', 'Shooting Guard', '6’3”', '170', 'Portland', 'University of Oregon', 'Yes', '', '', '', 0, NULL),
	(112, '2021-07-07', 'ajkeller150@gmail.com', '#REF!', '', '1993-01-19', '15039169003', 'Recreational', 'Yes', 'No', 'Power Forward', '6\'1', '205', 'Portland', 'Oregon state', 'Yes', '', '', '', 0, NULL),
	(113, '2021-07-07', 'cjrog4@gmail.com', 'Casey', 'Rogers', '1990-06-01', '4066982196', 'D-1 University', 'Yes', 'No', 'Shooting Guard', '6’1', '165', 'Billings MT', 'University of Montana', 'Yes', '', '', '', 0, NULL),
	(114, '2021-07-08', 'grant-rogers@comcast.net', 'Grant', 'Rogers', '1996-04-17', '9253890772', 'Highschool Varsity', 'Yes', 'No', 'Shooting Guard', '6\'1"', '155', 'Danville, CA', 'University of Oregon', 'Yes', '', '', '', 0, NULL),
	(115, '2021-07-08', 'binli2014@gmail.com', 'Yubin', '', '1996-02-12', 'Iphone', 'Highschool Varsity', 'Yes', 'No', 'Shooting Guard', '5 9', '150', 'Portland', 'University of Oregon', 'Yes', '', '', '', 0, NULL),
	(116, '2021-07-08', 'npalone820@gmail.com', 'Nathaniel', 'Palone', '1989-08-20', '5035445220 iphone', 'Recreational', 'Yes', 'No', 'Power Forward', '6\'0', '205', 'Beaverton, OR', 'Portland State University', 'Yes', '', '', '', 0, NULL),
	(117, '2021-07-08', 'karelcalcote@gmail.com', 'Karel', 'Calcote', '1994-05-28', '9513172894', 'College', 'Yes', 'No', 'Point Guard', '5”10', '165', 'Corona, CA ', 'University of Oregon', 'Yes', '', '', '', 0, NULL),
	(118, '2021-07-08', 'lancebaltazar_haha@yahoo.com', 'Lance', 'Baltazar', '1991-03-02', '5038407582 iphone', 'Recreational', 'Yes', 'No', 'Shooting Guard', '5 7”', '160', 'Tigard', 'Pcc', 'Yes', '', '', '', 0, NULL),
	(119, '2021-07-08', 'cjmalcolm97@gmail.com', 'Collin', 'Malcolm', '1997-07-02', '541-690-2563 I phone', 'Professional', 'Yes', 'Yes', 'Small Forward', '6’6”', '210', 'Ashland Oregon', 'Warner pacific university', 'Yes', '', '', '', 0, NULL),
	(120, '2021-07-08', 'simbajuice@icloud.com', 'Simba', 'Jangira', '1996-03-13', '3473394362', 'Highschool Varsity', 'Yes', 'No', 'Point Guard', '5’11', '175', 'Queens, NY', 'University of Oregon', 'No', '', '', '', 0, NULL),
	(121, '2021-07-09', 'ynotwin85@yahoo.com', 'Tony', 'Huynh', '1985-04-26', '5037346595', 'Highschool Varsity', 'Yes', 'No', 'Point Guard', '5’9', '165', 'Beaverton', 'Portland State', 'No', '', '', '', 0, NULL),
	(122, '2021-07-09', 'coach.grobecker@gmail.com', 'Kristian', 'Grobecker', '1993-02-21', '8314024443', 'College', 'Yes', 'Yes', 'Point Guard', '5’11', '170', 'Seaside CA', 'LC', 'No', '', '', '', 0, NULL),
	(123, '2021-07-09', 'Jonathan.surgeon@comcast.net', 'Jonathan', 'Surgeon', '1992-10-29', '5037520705', 'Highschool Varsity', 'Yes', 'No', 'Point Guard', '6’2”', '165', 'Portland OR', 'Portland State University', 'Yes', '', '', '', 0, NULL),
	(124, '2021-07-09', 'chaudr3y@gmail.com', 'Chaudrey', 'Boyd', '1990-11-08', '5037524358', 'Highschool Varsity', 'Yes', 'No', 'Small Forward', '6\'4', '195', 'Milwaukie, OR', 'PCC', 'Yes', '', '', '', 0, NULL),
	(125, '2021-07-09', 'eddykim1991@gmail.com', 'Eddy', 'Kim', '1991-10-03', '14693630973', 'Recreational', 'Yes', 'No', 'Point Guard', '6', '140', 'Dallas, Texas', 'University of Texas at Austin', 'Yes', '', '', '', 0, NULL),
	(126, '2021-07-09', 'hsefbg18@yahoo.com', 'Riley', 'Price', '1994-12-25', '13173857829', 'College', 'Rather Not Say', 'No', 'Shooting Guard', '6\'1', '225', 'Indianapolis', 'Ancilla college', 'Yes', '', '', '', 0, NULL),
	(127, '2021-07-09', 'gbraunny91@gmail.com', 'Gabriel', 'Braun', '1991-09-23', '5034739918', 'Highschool Varsity', 'Rather Not Say', 'No', 'Power Forward', '6 foot 3 inches', '225', 'Beaverton', 'Oregon State University', 'Yes', '', '', '', 0, NULL),
	(128, '2021-07-10', 'bvon33@gmail.com', 'Brian', 'VonDerahe', '1980-09-10', '5036798973', 'College', 'Yes', 'Yes', 'Center', '6’7”', '230', 'Warren', 'Lewis and Clark', 'Yes', '', '', '', 0, NULL),
	(129, '2021-07-10', 'jack.dooney@yahoo.com', 'Jack', 'Dooney', '1999-08-21', '5036212268 iPhone', 'Recreational', 'Yes', 'No', 'Shooting Guard', '6’1', '190', 'Hillsbork', 'Gonzaga', 'No', '', '', '', 0, NULL),
	(130, '2021-07-10', 'juliusybarra@gmail.com', 'Julius', 'Ybarra', '1983-05-26', '9712041961', 'College', 'Rather Not Say', 'No', 'Small Forward', '6\'5"', '200', 'Dublin, CA', 'BYU-I', 'Yes', '', '', '', 0, NULL),
	(131, '2021-07-10', 'www.mykeg8@gmail.com', 'Mychal', 'Green', '1989-08-29', 'iPhone 9713310915', 'College', 'No', 'No', 'Point Guard', '5’7', '180', 'Portland,Oregon', 'PCC', 'Yes', '', '', '', 0, NULL),
	(132, '2021-07-11', 'sguess1021@gmail.com', 'Sam', 'Guess', '1992-06-27', '5033194487', 'Highschool Varsity', 'Rather Not Say', 'No', 'Point Guard', '5’11', '225', 'Portland', 'West slope', 'No', '', '', '', 0, NULL),
	(133, '2021-07-12', 'eliglenzel@gmail.com', 'Eli', 'Glenzel', '1998-05-15', '5412072720 iPhone', 'D-1 University', 'Yes', 'Yes', 'Center', '6’8”', '240', 'Eugene, OR', 'Oregon State University', 'Yes', '', '', '', 0, NULL),
	(134, '2021-07-12', 'jpak627@gmail.com', 'Jonathan', 'Pak', '1988-06-27', '5037463489', 'Highschool Varsity', 'Yes', 'No', 'Shooting Guard', '6’1”', '180lbs', 'Seoul, Korea', 'Tufts University', 'Yes', '', '', '', 0, NULL),
	(135, '2021-07-12', 'davasyia20@msn.com', 'Davasyia', 'Hagger', '1995-08-20', '5037524105', 'College', 'Yes', 'No', 'Power Forward', '6\'5', '255', 'portland', 'humboldt st', 'No', '', '', '', 0, NULL),
	(136, '2021-07-14', 'justinmcalo@gmail.com', 'Justin', 'Calo', '1994-07-14', '5035221279', 'Recreational', 'Rather Not Say', 'No', 'Center', '6’0', '170', 'Beaverton', 'Portland State University', 'Yes', '', '', '', 0, NULL),
	(137, '2021-07-15', 'jkaler4@gmail.com', 'Jacob', 'Kaler', '1992-09-05', '3603265572', 'D-1 University', 'Rather Not Say', 'Yes', 'Shooting Guard', '6’2”', '210', 'Camas', 'Dixie State University', 'Yes', '', '', '', 0, NULL),
	(138, '2021-07-16', 'angelo.tupper1@yahoo.com', 'Angelo', 'Tupper Jr.', '1993-04-16', '5037570971', 'College', 'No', 'No', 'Small Forward', '6’3”', '280', 'Portland', 'Portland Community College', 'Yes', '', '', '', 0, NULL),
	(139, '2021-07-16', 'adam.harrison5530@gmail.com', 'Adam', 'Harrison', '1995-09-04', '5038285272 (iPhone)', 'Highschool Varsity', 'Yes', 'No', 'Small Forward', '6\'4', '210', 'Portland', 'Gonzaga University', 'Yes', '', '', '', 0, NULL),
	(140, '2021-07-16', 'keithjpdx@gmail.com', 'Desmond', 'Jones', '1987-01-19', '6195769262', 'College', 'Yes', 'No', 'Point Guard', '6 ft 1', '185', 'Phoenix', 'Wayland Baptist', 'Yes', '', '', '', 0, NULL),
	(141, '2021-07-16', 'trpadora15@gmail.com', 'Timothy', 'Adora', '1989-09-08', '8085518054', 'Highschool Varsity', 'Yes', 'No', 'Small Forward', '5', '11', 'Hawaii', 'Oregon Institute of Technology', 'Yes', '', '', '', 0, NULL),
	(142, '2021-07-17', 'jonweil@hotmail.com', 'Jonathan', 'Weil', '1988-07-22', 'I phone', 'Highschool Varsity', 'Yes', 'No', 'Power Forward', '6’5”', '210', 'Portland OR', 'Oregon state university', 'Yes', '', '', '', 0, NULL),
	(143, '2021-07-17', 'hayden.laverty@gmail.com', 'Hayden', 'Laverty', '1993-10-01', '5039136707 IPhone', 'Recreational', 'Yes', 'No', 'Center', '6’0”', '200', 'Portland', 'Arizona State', 'Yes', '', '', '', 0, NULL),
	(144, '2021-07-18', 'tatehoff1@gmail.com', 'Tate', 'Hoffman', '1998-08-25', '5037036563', 'College', 'Yes', 'Yes', 'Power Forward', '6’6', '210', 'West Linn', 'Southern Oregon University', 'Yes', '', '', '', 0, NULL),
	(145, '2021-07-19', 'Tonyseech002@gmail.com', 'Tony', 'Seech', '1987-09-24', '5039984989', 'Highschool Varsity', 'Yes', 'No', 'Shooting Guard', '6’1”', '210', 'Las Vegas', 'Beaverton high', 'Yes', '', '', '', 0, NULL),
	(146, '2021-07-20', 'eohernandez24@gmail.com', 'Orlando', 'Hernandez', '1996-04-25', '503-593-0380 (iPhone)', 'Highschool Varsity', 'Rather Not Say', 'No', 'Point Guard', '5’6', '185', 'Woodburn', 'American Intercontinental University', 'Yes', '', '', '', 0, NULL),
	(147, '2021-07-21', 'zacclewis11@gmail.com', 'Zachary', 'Lewis', '1997-05-10', 'iPhone', 'Recreational', 'Rather Not Say', 'Yes', 'Shooting Guard', '6’0', '196', 'Arkansas', '2016', 'Yes', '', '', '', 0, NULL),
	(148, '2021-07-22', 'will.dorsey12@gmail.com', 'Will', 'Dorsey', '1995-04-25', '5037998019', 'College', 'Yes', 'Yes', 'Point Guard', '5”9', '185', 'Seattle', 'Warner pacific', 'Yes', '', '', '', 0, NULL),
	(149, '2021-07-23', 'reasno5andre@gmail.com', 'Andre', 'Reasno', '1996-03-25', '5038751789', 'College', 'Yes', 'Yes', 'Point Guard', '6', '188', 'Chicago Illinois', 'TSU', 'Yes', '', '', '', 0, NULL),
	(150, '2021-07-23', 'markeithbrownwork@gmail.com', 'Markeith', 'Brown', '1985-05-22', '5033284169', 'College', 'Yes', 'No', 'Shooting Guard', '6 2', '207', 'Portland', 'Greenville University', 'Yes', '', '', '', 0, NULL),
	(151, '2021-07-24', 'ari.shelton@yahoo.com', 'Ari', 'Shelton', '1991-07-07', '3128134667', 'College', 'Rather Not Say', 'No', 'Small Forward', '6”2', '190', 'Chicago', 'DePaul', 'Yes', '', '', '', 0, NULL),
	(152, '2021-07-24', 'mloom43@gmail.com', 'Michael', 'Loomis', '1994-11-22', '503-502-9232', 'College', 'Rather Not Say', 'Yes', 'Small Forward', '6’5”', '200', 'West Linn', 'Bushnell University', 'No', '', '', '', 0, NULL),
	(153, '2021-07-24', 'lackidesnicholas@yahoo.com', 'Nicholas', 'Lackides', '1997-10-15', '5039913502', 'Recreational', 'Yes', 'No', 'Point Guard', '6’0”', '215', 'Crenshaw', 'School of Harknocks', 'Yes', '', '', '', 0, NULL),
	(154, '2021-07-24', 'edwincordero89@yahoo.com', 'Rosecityboi', '', '1989-10-31', '5036888459', 'Recreational', 'No', 'Yes', 'Point Guard', '5’4', '150', 'Portland', 'Pcc', 'Yes', '', '', '', 0, NULL),
	(155, '2021-07-24', 'ajlarry2001@gmail.com', 'Abednego', 'Larry', '2001-08-21', '9714045015', 'College offers', 'No', 'Yes', 'Point Guard', '6’0', '175', 'Portland', 'Beaverton', 'Yes', '', '', '', 0, NULL),
	(156, '2021-07-24', 'barhamlouis@gmail.com', 'Louis', 'Barham III', '1986-09-25', 'iPhone', 'Canada', 'Yes', 'Yes', 'Shooting Guard', '6”5', '210', 'Palmdale Cali', 'Keyano college', 'Yes', '', '', '', 0, NULL),
	(158, '2021-07-25', 'chitown90sbaby@gmail.com', 'Sean', 'Gaines Jr.', '1990-04-08', 'Android 9716012049', 'Professional', 'Rather Not Say', 'Yes', 'Power Forward', '6’7', '205', 'Portland', 'Warner Pacific College', 'Yes', '', '', '', 0, NULL),
	(159, '2021-07-25', 'miguelacervantes24@gmail.com', 'Miguel', 'Cervantes', '1988-02-27', '9712559698', 'Highschool Varsity', 'Yes', 'Yes', 'Point Guard', '5’8”', '190', 'Hillsboro', 'Hillsboro High', 'Yes', '', '', '', 0, NULL),
	(160, '2021-07-25', 'waterman.chris50@gmail.com', 'Christopher', 'Jankans', '1994-05-02', '503-360-4317', 'College', 'Yes', 'No', 'Shooting Guard', '6’2', '176', 'Federal way', 'Parkrose', 'No', '', '', '', 0, NULL),
	(161, '2021-07-25', 'younglove822@gmail.com', 'Frank', 'Cox', '1996-09-05', '9714701404', 'Highschool Varsity', 'No', 'Yes', 'Point Guard', '6’2', '170', 'Chicago', 'Aloha high school', 'Yes', '', '', '', 0, NULL),
	(162, '2021-07-26', '16smith.tyree@gmail.com', 'Tyree', 'Smith', '1998-06-25', '2533315418', 'College', 'No', 'Yes', 'Shooting Guard', '6’4', '210', 'Tacoma', 'Linn Benton Community College', 'Yes', '', '', '', 0, NULL),
	(163, '2021-07-26', 'roselionnel@yahoo.fr', 'Lio', 'Rose', '1999-04-15', '541-908-7302', 'College', 'Yes', 'Yes', 'Shooting Guard', '6’1', '210', 'Corvallis', 'Oregon state university', 'Yes', '', '', '', 0, NULL),
	(164, '2021-07-27', 'jdlevine23@gmail.com', 'Jordan', 'Levine', '1994-07-26', '6024037226 (iphone)', 'Highschool Varsity', 'Yes', 'Yes', 'Power Forward', '6’2', '195', 'Phoenix', 'Scooo duckks', 'Yes', '', '', '', 0, NULL),
	(165, '2021-07-28', 'gerron818@gmail.com', 'Gerron', 'Powell', '1990-04-18', '971-707-5933 IPhone', 'Professional', 'No', 'Yes', 'Center', '6’8', '250', 'Carbondale ILL', 'Mt Hood CC', 'Yes', '', '', '', 0, NULL),
	(166, '2021-07-28', 'nickg503@aol.com', 'Nick', 'Green', '1986-10-23', '5039289719', 'College', 'Yes', 'Yes', 'Power Forward', '6’7', '225', 'Pdx', 'Humboldt State', 'Yes', '', '', '', 0, NULL),
	(167, '2021-07-28', 'devondre.smith@gmail.com', 'Davondre', 'Smith', '1999-06-07', '5033107618', 'College', 'Yes', 'Yes', 'Point Guard', '6’1', '205', 'Portland', 'Pcc', 'Yes', '', '', '', 0, NULL),
	(168, '2021-07-29', 'saucyhines57@gmail.com', 'Dj', 'Hines', '1989-04-11', '5039831016', 'Highschool Varsity', 'Rather Not Say', 'Yes', 'Power Forward', '6’5’’', '280', 'Molalla', 'Molalla', 'Yes', '', '', '', 0, NULL),
	(169, '2021-07-29', 'bayo007@gmail.com', 'Bayo', 'Arigbon', '1986-08-21', '971-325-9247 iPhone', 'Professional', 'Yes', 'Yes', 'Small Forward', '6’5', '275', 'Portland, Oregon', 'San Diego Christian College', 'Yes', '', '', '', 0, NULL),
	(170, '2021-07-30', 'gemini.hicks@gmail.com', 'Jonathan', 'Hicks', '1981-05-25', '15039148799', 'College', 'Yes', 'Yes', 'Point Guard', '5\'8', '175', 'Atlanta Georgia', 'Morehouse University', 'Yes', '', '', '', 0, NULL),
	(171, '2021-07-30', 'Okinomartin19@gmail.com', 'Okino', 'Martin', '1993-01-19', '7759108804', 'College', 'Rather Not Say', 'Yes', 'Shooting Guard', '6\'2', '185', 'Chi Town', 'Evanston Township High School', 'Yes', '', '', '', 0, NULL),
	(172, '2021-07-30', 'phanthavongthomas@gmail.com', 'Thomas', 'Phanthavong', '1996-09-29', 'Iphone', 'Highschool Varsity', 'Yes', 'No', 'Point Guard', '5’8', '180', 'Portland', 'Portland State', 'Yes', '', '', '', 0, NULL),
	(173, '2021-07-30', 'tarasgoshko0@gmail.com', 'Taras', 'Goshko', '1999-07-17', '503-442-5240', 'Recreational', 'Rather Not Say', 'No', 'Shooting Guard', '5ft 09in', '180', 'Portland', 'Portland Community College', 'Yes', '', '', '', 0, NULL),
	(174, '2021-07-30', 'josephsmoyer@gmail.com', 'Joseph', 'Smoyer', '1998-04-04', '9713409731(android)', 'D-1 University', 'Yes', 'No', 'Power Forward', '6\' 11"', '240', 'Portland, Oregon', 'Columbia University', 'No', '', '', '', 0, NULL),
	(175, '2021-07-30', 'Japhetyng@gmail.com', 'Japhety', 'Ngabireyimana', '2000-03-24', '971-280-5003', 'Highschool Varsity', 'Yes', 'Yes', 'Point Guard', '5’9', '150', 'Portland', 'Portland state university', 'Yes', '', '', '', 0, NULL),
	(176, '2021-07-31', 'julianfaciane9@yahoo.com', 'Julian', 'Faciane', '1992-06-09', '9715066219', 'Highschool Varsity', 'Rather Not Say', 'Yes', 'Point Guard', '6’', '205', 'Portland', 'PCC', 'Yes', '', '', '', 0, NULL),
	(177, '2021-07-31', 'brandonphanthavong16@gmail.com', 'Brandon', 'Phanthavong', '2000-08-04', '5035156621', 'Recreational', 'Yes', 'No', 'Shooting Guard', '5’9', '180', 'portland', 'Oregon state university', 'Yes', '', '', '', 0, NULL),
	(178, '2021-07-31', 'rkbrogan@yahoo.com', 'Riley', 'Brogan', '1993-04-22', '5035507188', 'Highschool Varsity', 'Yes', 'Yes', 'Shooting Guard', '6’', '160', 'Portland', 'University of Oregon', 'Yes', '', '', '', 0, NULL),
	(179, '2021-07-31', 'thirdinline85@gmail.com', 'Shannon', 'Goodwin', '1985-07-31', '5037560442', 'Highschool Varsity', 'Rather Not Say', 'Yes', 'Center', '6\'0"', '185', 'Portland, OR', 'McCoy Academy', 'No', '', '', '', 0, NULL),
	(180, '2021-07-31', 'bankofier.spencer@gmail.com', 'Spencer', 'Bankofier', '1991-12-26', '5038606304', 'College', 'Yes', 'No', 'Point Guard', '6ft', '170', 'Happy Valley', 'Warner Pacific', 'Yes', '', '', '', 0, NULL),
	(181, '2021-08-01', 'Demetriomn91@gmail.com', 'Demetrio', 'Montoya-Newey', '1991-10-01', '971 712 8367 Android', 'Highschool Varsity', 'Yes', 'Yes', 'Point Guard', '5ft 8in', '165', 'Portland', 'PCC', 'Yes', '', '', '', 0, NULL),
	(182, '2021-08-01', 'dariusguinn@outlook.com', 'Darius', 'Guinn', '2000-06-08', '9712260828', 'D-1 University', 'Yes', 'Yes', 'Small Forward', '6’7', '190', 'Beaverton', 'Alaska Anchorage University', 'Yes', '', '', '', 0, NULL),
	(183, '2021-08-01', 'Snguyen6425@gmail.com', 'Steven', 'Nguyen', '1999-11-05', '(971)712-8571', 'Highschool Varsity', 'Yes', 'No', 'Center', '5’10', '160', 'Portland', 'Portland State University', 'Yes', '', '', '', 0, NULL),
	(184, '2021-08-02', 'nathanielpaderanga@gmail.com', 'Nathaniel', 'Paderanga', '1992-10-08', '8584085546', 'Highschool Varsity', 'Yes', 'Yes', 'Point Guard', '5’10”', '170', 'Lake Oswego', 'CSULB', 'Yes', '', '', '', 0, NULL),
	(185, '2021-08-02', 'jwinn1076@gmail.com', 'Jonathan', 'Winnett', '1984-06-12', '5038886946', 'College', 'Yes', 'No', 'Small Forward', '6\'2', '265', 'Hood River', 'MHCC', 'Yes', '', '', '', 0, NULL),
	(186, '2021-08-02', 'sama_82000@yahoo.com', 'Sama', 'Taku', '1993-03-18', '5206065251', 'Professional', 'Yes', 'No', 'Point Guard', '6’2', '200', 'Tucson Arizona', 'University of the Pacific', 'No', '', '', '', 0, NULL),
	(187, '2021-08-02', 'royshadc@gmail.com', 'Royshad', 'Curry', '1992-08-25', '9712260990', 'Highschool Varsity', 'No', 'Yes', 'Point Guard', '6’1', '160', 'Portland', 'Western Oregon university', 'Yes', '', '', '', 0, NULL),
	(188, '2021-08-02', 'zachchong2@gmail.com', 'Zach', 'Chong', '1996-06-22', '8083726861 iphone', 'College', 'Yes', 'No', 'Point Guard', '5’9”', '155', 'Honolulu, HI', 'Pacific University', 'Yes', '', '', '', 0, NULL),
	(189, '2021-08-02', 'synobon@gmail.com', 'Thomas', 'Synovec', '1996-04-10', '2066126169', 'College', 'Yes', 'No', 'Small Forward', '6’2', '200', 'Seattle', 'Pacific University', 'Yes', '', '', '', 0, NULL),
	(190, '2021-08-02', 'mart2612@pacificu.edu', 'Todd', 'Martin', '1996-02-28', '5037569192', 'Professional', 'No', 'No', 'Center', '6\'8', '200', 'Oregon City', 'Pacific University', 'Yes', '', '', '', 0, NULL),
	(191, '2021-08-02', 'sinanajafi724@gmail.com', 'Sina', 'Najafi', '1998-07-24', '503-309-4692 (iPhone)', 'Highschool Varsity', 'Yes', 'No', 'Point Guard', '5’10', '160', 'Beaverton', 'PSU', 'Yes', '', '', '', 0, NULL),
	(192, '2021-08-03', 'marvcoleman90@gmail.com', 'Jamarvein', 'Coleman', '1992-09-24', '5035441372', 'College', 'Yes', 'Yes', 'Point Guard', '6”4', '175', 'Portland', 'Lane cc', 'Yes', '', '', '', 0, NULL),
	(193, '2021-08-03', 'jacobmast52@gmail.com', 'Jacob', 'Mast', '1997-06-02', '5037081191', 'College', 'Yes', 'No', 'Power Forward', '6’4”', '230', 'Portland', 'University of Antelope Valley', 'No', '', '', '', 0, NULL),
	(194, '2021-08-03', 'michaelcardenas77@gmail.com', 'Michael', 'Cardenas', '1990-03-27', '9712175324 i phone', 'College', 'Yes', 'No', 'Point Guard', '6’0”', '195', 'Hillsboro', 'Pcc', 'Yes', '', '', '', 0, NULL),
	(195, '2021-08-03', 'zwanghoop@163.com', 'Jeremy', 'Wang', '2000-05-01', '4155185069', 'Highschool Varsity', 'Yes', 'No', 'Point Guard', '5.11', '163', 'Shenzhen', 'University of Oregon', 'Yes', '', '', '', 0, NULL),
	(196, '2021-08-03', 'abrown10@uoregon.edu', 'Andiel', 'Brown', '1984-09-19', '5037308768', 'Highschool Varsity', 'Rather Not Say', 'No', 'Power Forward', '5’10”', '220', 'Portland/Los Angels', 'University of Oregon', 'Yes', '', '', '', 0, NULL),
	(197, '2021-08-03', 'ballislife7764@gmail.com', 'Isaiah', 'frison', '2021-09-07', '5035197328', 'College', 'No', 'No', 'Point Guard', '6\'1', '170', 'Northeast Portland', 'University of Oregon', 'Yes', '', '', '', 0, NULL),
	(198, '2021-08-03', 'arthebarber13@gmail.com', 'Arnold', 'nguyen', '1993-11-26', '5038637107', 'Semi-Pro', 'No', 'No', 'Center', '6’3', '215', 'Portland', 'Oregon city HS', 'Yes', '', '', '', 0, NULL),
	(199, '2021-08-04', 'thomasquintin299@gmail.com', 'Quintin', 'Thomas', '1999-12-23', '5037087910', 'College', 'Yes', 'Yes', 'Shooting Guard', '6ft', '165', 'Hillsboro', 'University of Oregon', 'Yes', '', '', '', 0, NULL),
	(200, '2021-08-04', 'kendallmackey25@gmail.com', 'Kendall', 'Mackey', '1994-02-01', '4707747954', 'College', 'Rather Not Say', 'Yes', 'Shooting Guard', '6’ 1', '180', 'Atlanta, GA', 'United States Naval Academy', 'No', '', '', '', 0, NULL),
	(201, '2021-08-04', 'bjcanda@aol.com', 'Bryce', 'Canda', '1995-06-14', '5039278963', 'Professional', 'Rather Not Say', 'No', 'Shooting Guard', '6’4”', '215', 'Portland', 'Portland State University', 'Yes', '', '', '', 0, NULL),
	(202, '2021-08-04', 'connorlaverty12@gmail.com', 'Connor', 'Laverty', '1998-04-14', '5039272565', 'Highschool Varsity', 'Yes', 'No', 'Shooting Guard', '6’3', '180', 'Portland', 'Oregon State University', 'Yes', '', '', '', 0, NULL),
	(203, '2021-08-05', 'isaiahgentry@hotmail.com', 'Isaiah', 'Gentry', '1998-02-08', '5038915487', 'College', 'Yes', 'No', 'Shooting Guard', '6\'3"', '205', 'Milwaukie', 'Vanguard University', 'Yes', '', '', '', 0, NULL),
	(204, '2021-08-05', 'ngorduop@gmail.com', 'Ngor', 'Duop', '1999-09-04', '9718671008', 'Highschool Varsity', 'Yes', 'Yes', 'Small Forward', '6’4', '180', 'Portland, Oregon ', 'Reynolds high school', 'Yes', '', '', '', 0, NULL),
	(205, '2021-08-05', 'kingmohamed30@gmail.com', 'Mohamed', '', '2002-09-17', '9712139051', 'Highschool Varsity', 'No', 'Yes', 'Point Guard', '5\'6', '150', 'Portland', 'Roosevelt', 'Yes', '', '', '', 0, NULL),
	(206, '2021-08-05', 'smjvh1@gmail.com', '#REF!', '', '1993-07-24', '9718062707', 'College', 'Yes', 'No', 'Point Guard', '6’1', '195', 'Washington state', 'NA', 'No', '', '', '', 0, NULL),
	(207, '2021-08-05', 'Simon.noling@gmail.com', 'Simon', 'Noling', '1994-11-17', '5037584424', 'Highschool Varsity', 'Yes', 'No', 'Small Forward', '6’4', '190', 'Beaverton', 'Oregon State University', 'Yes', '', '', '', 0, NULL),
	(208, '2021-08-05', 'Peytonking0320@gmail.com', 'Peyton', 'King', '1997-03-20', '+1 (971) 226-5789', 'Highschool Varsity', 'Yes', 'No', 'Power Forward', '6’6', '225', 'Portland', 'Oregon State University', 'Yes', '', '', '', 0, NULL),
	(209, '2021-08-05', 'Jeffmbieber@outlook.com', 'Jeff', 'Bieber', '1996-07-07', '+1 (503) 858-0874', 'Highschool Varsity', 'Yes', 'No', 'Small Forward', '6’5', '210', 'Portland', 'University of Oregon', 'Yes', '', '', '', 0, NULL),
	(210, '2021-08-05', 'mgatzke11@gmail.com', 'Mitch', 'Gatzke', '1996-05-27', '+1 (503) 860-9940', 'Highschool Varsity', 'Yes', 'No', 'Small Forward', '6’3', '205', 'Portland', 'Oregon State University', 'Yes', '', '', '', 0, NULL),
	(211, '2021-08-05', 'Peter.David.Coffey@gmail.com', 'David', 'Coffey', '1996-01-23', '+1 (971) 230-8848', 'Highschool Varsity', 'Yes', 'No', 'Point Guard', '5’10', '170', 'Portland', 'Oregon State University', 'Yes', '', '', '', 0, NULL),
	(212, '2021-08-05', 'Jacecates@gmail.com', 'Jace', 'Cates', '1996-06-28', '+1 (503) 407-1181', 'College', 'Yes', 'No', 'Shooting Guard', '6’4', '205', 'Canby', 'Concordia', 'Yes', '', '', '', 0, NULL),
	(213, '2021-08-06', 'ballinmikey5@gmail.com', 'Mikey', 'Fey', '1995-07-31', '(503) 858-4078', 'Highschool Varsity', 'Yes', 'No', 'Point Guard', '6’1', '185', 'Portland', 'Oregon State University', 'Yes', '', '', '', 0, NULL),
	(214, '2021-08-06', 'mattaufu@gmail.com', 'Matteo', 'Fusco', '2000-03-16', '5037349319', 'Recreational', 'Yes', 'No', 'Small Forward', '5 10', '175', 'Portland', 'PCC', 'No', '', '', '', 0, NULL),
	(215, '2021-08-06', 'blake.lorentz@yahoo.com', 'Blake', 'Lorentz', '1995-09-08', '(503)858-5980', 'Recreational', 'Yes', 'No', 'Point Guard', '5’10”', '205', 'Beaverton', 'Western Oregon University', 'Yes', '', '', '', 0, NULL),
	(216, '2021-08-06', 'natetriggs91@yahoo.com', 'Nate', 'Triggs', '1991-01-21', '5037248734', 'Recreational', 'No', 'No', 'Shooting Guard', '6’4', '190', 'Mannassas virginia', 'Aloha highschool', 'Yes', '', '', '', 0, NULL),
	(217, '2021-08-07', 'evanjwise1@gmail.com', 'Evan', 'Wise', '1993-09-21', '5039606053', 'Recreational', 'Yes', 'Yes', 'Power Forward', '6\'4', '210', 'Portland, OR', 'Portland State', 'Yes', '', '', '', 0, NULL),
	(218, '2021-08-07', 'kaedenspeer@gmail.com', 'Kaeden', 'Speer', '1995-02-22', '6038478524', 'Highschool Varsity', 'Rather Not Say', 'Yes', 'Point Guard', '5’11', '170', 'Portland', 'David Douglas', 'Yes', '', '', '', 0, NULL),
	(219, '2021-08-07', 'wellscaleb55@gmail.com', 'Caleb', 'Wells', '1995-04-28', '5039331646', 'D-1 University', 'No', 'Yes', 'Center', '6’7’’’', '245', 'Portland, OR', 'Grambling State University', 'Yes', '', '', '', 0, NULL),
	(220, '2021-08-07', 'Parkerdenison34@gmail.com', 'Parker', 'Denison', '1996-04-02', '5104954706', 'Highschool Varsity', 'Yes', 'No', 'Power Forward', '6’3', '240', 'Berkeley, Ca', 'Lane cc', 'Yes', '', '', '', 0, NULL),
	(221, '2021-08-08', 'milovidov89@gmail.com', 'Alex', 'Milovidov', '1989-10-26', '5038988635 iPhone', 'Highschool Varsity', 'Rather Not Say', 'No', 'Power Forward', '6’6', '195', 'Almaty', 'PCC Rock creek', 'Yes', '', '', '', 0, NULL),
	(222, '2021-08-08', 'kamcdowell86@gmail.com', 'Kevin', 'McDowell', '1986-12-16', '5625835343', 'Professional', 'Yes', 'Yes', 'Small Forward', '6\'8', '215', 'Long beach', 'San jose state', 'Yes', '', '', '', 0, NULL),
	(223, '2021-08-08', 'jalen.cabell2@gmail.com', 'Jalen', 'cabell', '1993-02-28', 'iPhone', 'Highschool Varsity', 'No', 'No', 'Point Guard', '6”4', '180', 'Beaverton', 'Southridge', 'Yes', '', '', '', 0, NULL),
	(225, '2021-08-08', 'davis.jabez@yahoo.com', 'Jabez', 'Davis', '1992-11-22', '5038901847', 'College', 'No', 'No', 'Point Guard', '6’1', '172', 'Portland', 'USC', 'Yes', '', '', '', 0, NULL),
	(226, '2021-08-08', 'daveonceo@gmail.com', 'Daveon', 'Fleming', '1984-04-05', '3104887139', 'College', 'No', 'No', 'Point Guard', '6"1"', '175', 'Compton', 'Southern Oregon University', 'Yes', '', '', '', 0, NULL),
	(227, '2021-08-08', 'Bharrison100@gmail.com', 'Blake', 'Harrison', '1989-09-16', '+1 (541) 556-9111', 'College', 'Yes', 'No', 'Small Forward', '6’4', '200', 'Eugene', 'University of Oregon', 'Yes', '', '', '', 0, NULL),
	(228, '2021-08-08', 'caeasterling1@gmail.com', 'Clarence', 'Easterling', '1991-12-23', '5417779944', 'College', 'Yes', 'Yes', 'Small Forward', '6’3', '225', 'Madras', 'PCC', 'Yes', '', '', '', 0, NULL),
	(229, '2021-08-10', 'dinohair35@gmail.com', 'Donaries', 'Hair', '1987-01-23', '(985) 284-1467', 'College', 'Yes', 'No', 'Center', '6’9', '210', 'Mississippi', 'UMiss', 'Yes', '', '', '', 0, NULL),
	(230, '2021-08-11', 'sherfansher@gmail.com', 'Sherfan', 'Sher', '1988-12-11', '9712175789', 'Highschool Varsity', 'Yes', 'Yes', 'Point Guard', '5’10', '175', 'Gaston', 'Portland State', 'Yes', '', '', '', 0, NULL),
	(231, '2021-08-11', 'terreble22@icloud.com', 'Terrence', 'Two Two', '1985-04-30', '9717274822', 'Professional', 'Rather Not Say', 'No', 'Power Forward', '6’6', '320', 'Rose City', 'College of Siskiyous', 'Yes', '', '', '', 0, NULL),
	(232, '2021-08-12', 'kasnajafi@gmail.com', 'Kasra', 'Najafi', '1994-04-05', '503-757-3890', 'Recreational', 'Yes', 'No', 'Shooting Guard', '5’9', '165', 'Portland', 'Portland state', 'Yes', '', '', '', 0, NULL),
	(233, '2021-08-12', 'rsuppah2010@outlook.com', 'Red', 'Sky Suppah', '1992-07-04', '5413005914', 'College', 'Yes', 'Yes', 'Small Forward', '6\'3', '230', 'Warm Springs', 'Lane CC', 'Yes', '', '', '', 0, NULL),
	(234, '2021-08-13', 'gatbol@icloud.com', 'Gat', 'Bol', '1994-11-05', '2064036983', 'Highschool Varsity', 'Yes', 'Yes', 'Shooting Guard', '6’3', '170', 'Seattle', 'University of Portland/Ingraham HS', 'Yes', '', '', '', 0, NULL),
	(235, '2021-08-13', 'terryphiakhamngon0305@gmail.com', 'terry', 'phiakhamngon', '1998-03-05', '5039546542', 'played @ gilbert heights, bloomington, lents and raymond park', 'Yes', 'No', 'Small Forward', '5\'8', '185', 'portland, or', 'portland community college', 'Yes', '', '', '', 0, NULL),
	(236, '2021-08-13', 'justin.chaiyasith17@gmail.com', 'justin', 'chaiyasith', '2004-09-09', '5037581749', 'Highschool Varsity', 'Yes', 'No', 'Shooting Guard', '5\'9', '165', 'portland', 'david douglas high school', 'Yes', '', '', '', 0, NULL),
	(237, '2021-08-13', 'christopher.sagar@yahoo.com', 'Christopher', 'Sagar', '1998-05-11', '5038910819', 'Recreational', 'Yes', 'No', 'Center', '6’0', '235', 'Portland', 'Portland State University', 'Yes', '', '', '', 0, NULL),
	(238, '2021-08-13', 'christianresendze@gmail.com', 'christian', 'o\'brien', '1998-10-26', '9713408191', 'Recreational', 'Yes', 'No', 'Point Guard', '5\'4', '160', 'portland,or', 'david douglas high school', 'Yes', '', '', '', 0, NULL),
	(239, '2021-08-13', 'sergeytrufanov@gmail.com', 'sergey', 'trufanov', '1998-12-13', '5038963354', 'parks', 'Yes', 'No', 'Center', '6\'0', '230', 'portland,or', 'portland state', 'Yes', '', '', '', 0, NULL),
	(240, '2021-08-13', 'Phinish1st@gmail.com', 'Demetrius', 'McQuarn', '1984-12-15', '971 269 4088', 'D-1 University', 'Rather Not Say', 'No', 'Point Guard', '6\'2', '215', 'Southern California', 'University of British Columbia', 'Yes', '', '', '', 0, NULL),
	(241, '2021-08-13', '1rubenperez1@gmail.com', 'Ruben', 'Perez', '1998-08-19', '5033819869', 'Recreational', 'Yes', 'No', 'Shooting Guard', '6’1', '185', 'Portland', 'David Douglas high', 'Yes', '', '', '', 0, NULL),
	(242, '2021-08-14', 'portlandboi@icloud.com', 'Deonzie', 'Howard', '1992-02-19', 'iPhone 971 212 1980', 'D-1 University', 'Rather Not Say', 'Yes', 'Point Guard', '5”10', '150', 'Portland Oregon', 'Clark', 'Yes', '', '', '', 0, NULL),
	(243, '2021-08-14', 'Ecrawford1500@gmail.com', 'Zeke', 'Crawford', '1998-07-14', '415-609-2476 (iPhone)', 'College', 'Yes', 'No', 'Power Forward', '6’7', '200', 'San Francisco, CA', 'Lewis & Clark College', 'Yes', '', '', '', 0, NULL),
	(244, '2021-08-14', 'derrick_keandre@yahoo.com', 'KeAndre', 'Derrick', '1988-09-30', '214 538 1630', 'Professional', 'Yes', 'Yes', 'Point Guard', '6’2', '180', 'Dallas', 'University of Oregon', 'Yes', '', '', '', 0, NULL),
	(245, '2021-08-14', 'jayharris021@gmail.com', 'Jay', 'Harris', '1992-06-28', '9713171868', 'College', 'No', 'Yes', 'Point Guard', '5”10', '160', 'Portland', 'PCC', 'Yes', '', '', '', 0, NULL),
	(246, '2021-08-14', 'macckkilla10@gmail.com', 'Terrell', 'Mack', '1989-09-22', '3602419878', 'Professional', 'Rather Not Say', 'No', 'Shooting Guard', '6’5', '200', 'Vancouver', 'Central Washington university', 'Yes', '', '', '', 0, NULL),
	(247, '2021-08-14', 'andrew.panicacci@gmail.com', 'Andrew', 'Panicacci', '1997-09-03', '4154468556', 'College', 'Yes', 'No', 'Shooting Guard', '6’5', '180', 'San Rafael', 'Lewis and Clark college', 'Yes', '', '', '', 0, NULL),
	(248, '2021-08-15', 'baqeralrikabi@yahoo.com', 'Baqer', 'Al Rikabi', '2002-06-10', '503-544-5529 iPhone', 'Highschool Varsity', 'Yes', 'Yes', 'Power Forward', '6’4', '190', 'Tigard', 'Portland community college', 'Yes', '', '', '', 0, NULL),
	(249, '2021-08-15', 'bandasumem@gmail.com', 'umembori', 'bandas', '2000-02-26', '5034198217', 'Highschool Varsity', 'Yes', 'No', 'Power Forward', '6’1', '230', 'Nigeria', 'portland state', 'Yes', '', '', '', 0, NULL),
	(250, '2021-08-15', 'rockyrrobinson@gmail.com', 'Rocky', 'Robinson', '1985-08-07', '19718046372', 'Semi-pro', 'Yes', 'Yes', 'Point Guard', '5\'11', '150', 'Denver, Colorado ', 'Clackamas Community College', 'Yes', '', '', '', 0, NULL),
	(251, '2021-08-15', 'Crnavarro98@gmail.com', 'christian', 'navarro', '1998-11-22', '5037586735', 'ron russell middle school', 'Yes', 'No', 'Small Forward', '5’10', '210', 'portland', 'portland state', 'Yes', '', '', '', 0, NULL),
	(252, '2021-08-15', 'charlezd1@gmail.com', 'Charlez', 'Douglas', '2000-12-23', 'iPhone - 5033349959', 'Highschool Varsity', 'No', 'Yes', 'Shooting Guard', '6’1', '178', 'Portland', 'University of Oregon', 'Yes', '', '', '', 0, NULL),
	(253, '2021-08-15', 'jpitrestar24@gmail.com', 'Jaylen', 'pitre', '2001-01-24', 'iPhone', 'College', 'Yes', 'Yes', 'Small Forward', '6’4', '205', 'Portland', 'Portland Community College', 'Yes', '', '', '', 0, NULL),
	(254, '2021-08-20', 'mategeko23@gmail.com', 'Jean', 'Mategeko', '1997-08-31', '5036076568', 'Highschool Varsity', 'Yes', 'No', 'Point Guard', '5”11', '185', 'Portland', 'Roosevelt high school', 'Yes', '', '', '', 0, NULL),
	(255, '2021-08-20', 'blmed2016@gmail.com', 'Bryan', 'Medina', '1996-11-08', 'iPhone', 'Recreational', 'Yes', 'No', 'Shooting Guard', '5’11', '195', 'Brooklyn', 'WSU', 'Yes', '', '', '', 0, NULL),
	(256, '2021-08-21', 'mitchcraig04@gmail.com', 'Mitch', 'Craig', '1989-10-27', '4066726011', 'Highschool Varsity', 'Yes', 'No', 'Small Forward', '6’4”', '185', 'Portland', 'UCLA', 'No', '', '', '', 0, NULL),
	(257, '2021-08-21', 'jamalteano@yahoo.com', 'Jamal', 'Teano', '1993-10-28', '9718088284 iPhone', 'College', 'Yes', 'No', 'Point Guard', '6’1', '180', 'Beaverton', 'Multnomah University', 'Yes', '', '', '', 0, NULL),
	(258, '2021-08-21', 'mba.camguyton@gmail.com', 'Cameron', 'Guyton', '1986-04-03', '5039335559', 'Professional', 'No', 'Yes', 'Point Guard', '6’0', '210', 'Portland', 'Portland Bible', 'No', '', '', '', 0, NULL),
	(259, '2021-08-22', 'jaywarren503@gmail.com', 'Jason', 'Warren', '1993-06-18', '5038753308', 'Recreational', 'Rather Not Say', 'No', 'Small Forward', '6’1', '230', 'portland oregon', 'david douglas high school', 'Yes', '', '', '', 0, NULL),
	(260, '2021-08-22', 'charlievuong329@gmail.com', 'charlie', 'vuong', '1993-03-29', '5032909146', 'Recreational', 'Rather Not Say', 'No', 'Shooting Guard', '5’6', '240', 'stockton california', 'david douglas high school', 'Yes', '', '', '', 0, NULL),
	(261, '2021-08-22', 'tylerdorsey@ymail.com', 'Tyler', 'Dorsey', '1994-04-11', 'iPhone 773-972-6088', 'Recreational', 'Yes', 'No', 'Power Forward', '6\'0', '240', 'Chicago', 'Portland State University', 'Yes', '', '', '', 0, NULL),
	(262, '2021-08-26', 'dj.christian5@yahoo.com', 'SkooB', 'Christian', '1993-09-08', '6782154599 (iPhone)', 'Professional', 'Rather Not Say', 'No', 'Point Guard', '6\'0', '200', 'East Atlanta, GA', 'Pacific University', 'Yes', '', '', '', 0, NULL),
	(263, '2021-08-26', 'gerron818@gmail.com', 'Gerron', 'Powell Jr.', '1990-04-18', '9717075933 IPhone', 'Semi Professional', 'No', 'No', 'Power Forward', '6’8', '250', 'Carbondale ILL', '2011', 'Yes', '', '', '', 0, NULL),
	(264, '2021-08-26', 'deshawnmitchell8789@icloud.com', 'DeShawn', 'Mitchell', '1989-08-07', '9713881507', 'Professional', 'Yes', 'No', 'Shooting Guard', '6’6', '250', 'Newark', 'Snow College', 'Yes', '', '', '', 0, NULL),
	(265, '2021-08-26', 'NickCortese200@gmail.com', 'Nicholas', 'Cortese', '1997-12-09', '5039155191 (iPhone)', 'Practice player for D-1 College', 'No', 'Yes', 'Point Guard', '6”0', '175 lbs', 'Portland, OR', 'Oregon State University', 'Yes', '', '', '', 0, NULL),
	(266, '2021-08-26', 'joechap3@yahoo.com', 'Joey', 'Chapman', '1997-06-06', '503-883-1320', 'College', 'Yes', 'Yes', 'Shooting Guard', '6’1', '185', 'McMinnville, Oregon', 'Crown College (MN)', 'Yes', '', '', '', 0, NULL),
	(267, '2021-08-27', 'jrufino513@gmail.com', 'Joe', 'rufino', '1980-05-13', '5039565665', 'College', 'Yes', 'No', 'Shooting Guard', '5’11', '185', 'Beaverton', 'San Jose State University', 'Yes', '', '', '', 0, NULL),
	(268, '2021-08-27', 'djcatabay@gmail.com', 'Dominique', 'Catabay', '1993-07-25', '5039844964', 'Recreational', 'Yes', 'No', 'Small Forward', '6’0”', '190', 'Portland', 'Oregon State', 'Yes', '', '', '', 0, NULL),
	(269, '2021-08-27', 'harveyjoshd@gmail.com', 'Josh', 'Harvey', '1990-09-23', 'Iphone', 'Recreational', 'Yes', 'No', 'Shooting Guard', '5’11”', '185', 'Portland', 'University of Oregon', 'Yes', '', '', '', 0, NULL),
	(270, '2021-08-27', 'michaelhan.pdx@gmail.com', 'Michael', 'Han', '1984-10-02', '5037209745', 'Recreational', 'Yes', 'No', 'Shooting Guard', '6’1”', '180', 'Beaverton', 'OSU', 'Yes', '', '', '', 0, NULL),
	(271, '2021-08-27', 'jerry.mammen@yahoo.com', 'Jerry', 'Mammen', '1984-11-12', '9712356751', 'JV', 'Yes', 'No', 'Shooting Guard', '5 11', '195', 'Beaverton, Or', 'Eastern Mennonite University', 'Yes', '', '', '', 0, NULL),
	(272, '2021-08-27', 'errynr@gmail.com', 'Erryn', 'Ross', '1989-12-19', '5034598406 iPhone', 'Recreational', 'Yes', 'No', 'Power Forward', '6 ft 3 in', '180', 'Tigard', 'University of Oregon', 'Yes', '', '', '', 0, NULL),
	(273, '2021-08-29', 'akshop503@gmail.com', 'Austin', 'Kim', '1994-04-10', '5039249891', 'Recreational', 'Yes', 'Yes', 'Point Guard', '6’0', '175', 'Beaverton', 'UO', 'Yes', '', '', '', 0, NULL),
	(274, '2021-08-29', 'jakematison@yahoo.com', 'Jake', 'Matison', '1982-10-29', '5035216855', 'Highschool Varsity', 'No', 'Yes', 'Shooting Guard', '5’8”', '180 lbs', 'Beaverton', 'West High', 'Yes', '', '', '', 0, NULL),
	(275, '2021-08-29', 'tyson.yoon3@gmail.com', 'Tyson', 'Yoon', '1989-01-31', '5037085989', 'Recreational', 'Yes', 'No', 'Point Guard', '5’10', '185', 'Portland', 'Portland State', 'Yes', '', '', '', 0, NULL),
	(276, '2021-08-29', 'tylercable555@gmail.com', 'Tyler', 'Cable', '2001-08-31', '9713252538', 'Recreational', 'Yes', 'No', 'Small Forward', '5’8', '157', 'Portland', 'Liberty High School', 'Yes', '', '', '', 0, NULL),
	(277, '2021-08-30', 'aalondre@yahoo.com', 'alondre', 'augustus', '1997-05-06', '503-957-9641', 'OSU Women’s Basketball practice player', 'Yes', 'Yes', 'Shooting Guard', '5’9', '170', 'Portland', 'Oregon state Unviersity/ Grant high school', 'Yes', '', '', '', 0, NULL),
	(278, '2021-08-30', 'jkmduong@gmail.com', 'Jimmy', 'Duong', '1986-01-14', '5106856986', 'Highschool Varsity', 'Yes', 'No', 'Shooting Guard', '5’8”', '175', 'San Pablo CA', 'UC BERKELEY', 'Yes', '', '', '', 0, NULL),
	(279, '2021-08-30', 'rachelmelenacox@gmail.com', 'Rachel', 'Cox', '1996-03-06', '5413150831', 'College', 'Yes', 'No', 'Small Forward', '5 ft. 9 in.', '160', 'San Francisco', 'Lewis and Clark College', 'Yes', '', '', '', 0, NULL),
	(280, '2021-08-30', 'anthonylanderos511@gmail.com', 'Anthony', 'landeros', '1997-02-26', '5415712420', 'College', 'Yes', 'No', 'Shooting Guard', '5’10', '185', 'Irrigon', 'Blue mountain community college', 'No', '', '', '', 0, NULL),
	(281, '2021-08-30', 'adrianromero_22@icloud.com', 'Adrian', 'Romero', '1996-09-13', '5417200489', 'College', 'Yes', 'No', 'Point Guard', '6’0', '190', 'Irrigon', 'Lewis and Clark College', 'No', '', '', '', 0, NULL),
	(282, '2021-08-31', 'jezreelharper2@icloud.com', 'Jezreel', 'Harper', '1998-01-24', '5033481110', 'Highschool Varsity', 'No', 'No', 'Point Guard', '5’9', '160', 'Portland', 'Oregon State University', 'Yes', '', '', '', 0, NULL),
	(283, '2021-08-31', 'Connor.step95@gmail.com', 'Connor', 'Stephenson', '1995-10-24', '5038282341', 'Highschool Varsity', 'Yes', 'No', 'Small Forward', '6’3”', '205', 'Beaverton', 'OSU', 'Yes', '', '', '', 0, NULL),
	(284, '2021-08-31', 'trevrobmckay@gmail.com', 'Trevin', 'Roberts', '1996-08-03', '503-409-5290', 'College', 'Yes', 'No', 'Shooting Guard', '6’2', '190', 'Salem, OR', 'Multnomah University', 'Yes', '', '', '', 0, NULL),
	(411, '2021-09-29', 'tigerspll@yahoo.com', 'Abdul', 'Hassan', '1997-08-01', '503-999-9999', 'Recreational', 'Yes', 'No', 'Small Forward', '6\'3', '210', 'Syracuse, NY', 'Portland State University ', 'Yes', '', '', '@ahassan21', 0, 'Young Money'),
	(412, '2021-09-29', 'adarshb4996@gmail.com', 'Adarsh', 'Budhathoki', '1997-02-18', '971-570-4996', 'College', 'Yes', 'No', 'Point Guard', '5\'9', '160', 'Nepal', 'Oswego state', 'Yes', '', '', '_ab10_', 0, 'The Murray’s '),
	(413, '2021-09-27', 'addison_o@yahoo.com', 'Addison', 'Owen', '1993-04-21', '503-853-5828', 'High School Varsity', 'Yes', 'No', 'Small Forward', '6\'1', '210', 'Camas ', 'Montana ', 'Yes', '', '', 'addison9owen ', 0, 'Full Contact'),
	(414, '2021-09-21', 'Akeemanderson285@gmail.com', 'Akeem', 'Anderson', '1999-07-16', '9712807562', 'Highschool Varsity', 'Yes', 'No', 'Point Guard', '5’11', '190', 'Beaverton ', 'Beaverton High', 'Yes', '', '', 'TheCuzzoKeem', 0, 'The Murray’s'),
	(415, '2021-09-29', 'alansharpbeckwith@gmail.com', 'Alan', 'Beckwith', '2001-05-18', '503-780-9420', 'High School Varsity', 'No', 'Yes', 'Point Guard', '6\'0', '175', 'Portland', 'Franklin High School', 'Yes', '', '', 'alansharpshoot3r', 0, 'N/A'),
	(416, '2021-09-10', 'blackmamba24108@gmail.com', 'Albert', 'Aguilar', '2000-05-31', '5038634087', 'College', 'Rather Not Say', 'No', 'Shooting Guard', '6’4', '180', 'Aloha', 'pcc ', 'Yes', '', '', '@chephcurry', 0, 'Minx'),
	(417, '2021-10-01', 'alecwpowell@gmail.com', 'Alec', 'Powell', '1994-06-26', '503-360-2191', 'Recreational', 'Yes', 'No', 'Point Guard', '6\'0', '175', 'Beaverton, OR. ', 'Portland State Universitt', 'Yes', '', '', '@alecwpowell', 0, 'CrossinOver Toddlers'),
	(418, '2021-09-19', 'alexwills@me.com', 'Alex', 'Wills', '1990-10-05', '3106253741', 'Australian U20\'s Div. 1. Reputable LA Summer + Rec Leagues', 'Yes', 'Yes', 'Point Guard', '5 "11', '190', 'Adelaide, Australia', 'Adelaide University', 'Yes', '', '', 'awillls', 0, 'N/A'),
	(419, '2021-09-30', 'alexwisely@yahoo.com', 'Alex', 'Wisely', '1991-12-24', '503-866-2850', 'Recreational', 'Yes', 'No', 'Point Guard', '5\'10', '150', 'Oregon', 'Aloha High ', 'Yes', '', '', 'Alexwisely', 0, 'Kareem cheese '),
	(420, '2021-09-30', 'alex.bouneff@gmail.com', 'Alex', 'Bouneff', '1998-07-01', '971-201-5589', 'Recreational', 'Yes', 'No', 'Point Guard', '6\'4', '200', 'Portland', 'UO', 'Yes', '', '', 'alex_bouneff', 0, 'Same Energy'),
	(421, '2021-09-20', 'aalondre@yahoo.com', 'alondre', 'augustus', '1997-05-06', '5039579641', 'College', 'Yes', 'Yes', 'Shooting Guard', '5’9', '175', 'portland ', 'oregon state university ', 'Yes', '', '', 'aladdin_97', 0, 'n/a'),
	(422, '2021-09-03', 'andrewgfong@gmail.com', 'Andrew', 'Fong', '1992-02-14', '5037157368', 'Recreational', 'Yes', 'No', 'Point Guard', '5”7', '155', 'Beaverton', 'Linfield college', 'Yes', '', '', 'N/A', 0, 'Jayhawks'),
	(423, '2021-09-07', 'antfallin94@gmail.com', 'Anthony', 'Fallin', '1994-08-31', '360-409-9845', 'Highschool Varsity', 'No', 'No', 'Point Guard', '5\'11', '205', 'Camas', 'University of Arizona', 'Yes', '', '', 'N/A', 0, 'Full Contact'),
	(424, '2021-09-30', 'balandi.antonio@hotmail.com', 'Antonio', 'Balandi', '1996-06-13', '315-243-3566', 'D-1 University', 'Yes', 'Yes', 'Small Forward', '6\'6', '215', 'Tigard', 'Syracuse University ', 'Yes', '', '', '@taiwe96', 0, 'The Dream Team'),
	(425, '2021-09-30', 'chino4s@outlook.com', 'Apachino', 'Villarreal', '1996-09-04', '503-901-1826', 'Recreational', 'Yes', 'No', 'Shooting Guard', '5\'9', '200', 'Salem', 'Oregon State', 'No', '', '', 'N/A', 0, 'All in'),
	(426, '2021-09-18', 'apotts20@live.com', 'Austin', 'Potts', '1990-09-05', '5035776145', 'College', 'Yes', 'Yes', 'Point Guard', '6’1”', '215', 'Portland ', 'Greenville', 'Yes', '', '', 'Aud5g', 0, 'Portland Savages'),
	(427, '2021-09-28', 'austinpatty2992@gmail.com', 'Austin', 'Patty', '1992-01-29', '651-900-3546', 'College', 'Yes', 'No', 'Point Guard', '5\'10', '250', 'St.Paul , Minnesota ', 'Portland state university ', 'Yes', '', '', 'AP_THE_GREAT', 0, 'Hoopers Hoop'),
	(428, '2021-09-29', '503avery@gmail.com', 'Avery', 'Pope', '1994-07-18', '503-975-3155', 'Recreational', 'Yes', 'No', 'Point Guard', '6\'2', '200', 'Portland ', 'The U', 'Yes', '', '', '_northeastportland', 0, 'GBOE'),
	(429, '2021-09-29', 'realavian91@gmail.com', 'Avian', 'Tavarres', '1991-09-17', '503-915-4138', 'High level alternative', 'Rather Not Say', 'No', 'Shooting Guard', '6\'2', '205', 'Las Vegas ', 'Vocational ', 'Yes', '', '', 'Fades_by_av', 0, 'The Dream Team'),
	(430, '2021-10-02', 'bariestenseth@gmail.com', 'Barie', 'Stenseth', '1999-07-02', '503-884-5512', 'Recreational', 'Yes', 'No', 'Point Guard', '5\'8', '155', 'Portland ', 'David Douglas ', 'Yes', '', '', '@bstenseth07', 0, 'coulda been'),
	(431, '2021-09-13', 'bayo007@gmail.com', 'Bayo', 'Arigbon', '1986-08-21', '9713259247', 'Professional', 'No', 'No', 'Small Forward', '6’5', '270', 'Portland, Oregon ', 'San Diego Christian College ', 'Yes', '', '', '@bangbwavy', 0, 'Cartel '),
	(432, '2021-09-30', 'boki.zelen@gmail.com', 'Boki', 'Zelen', '1991-04-01', '503-312-6690', 'High School Varsity', 'Yes', 'No', 'Shooting Guard', '6\'0', '175', 'Beaverton, OR', 'University of Oregon', 'Yes', '', '', '@boki.zelen', 0, 'All In'),
	(433, '2021-09-12', 'hicks.brandona@gmail.com', 'Brandon', 'Hicks', '1990-12-30', '9713866065', 'Recreational', 'Yes', 'Yes', 'Shooting Guard', '5\'9', '180', 'Seattle', 'Aloha High School', 'Yes', '', '', 'ogdavinci_', 0, 'n/a'),
	(434, '2021-10-01', 'bmorer13@gmail.com', 'Brian', 'Morris', '1987-05-23', '503-488-9685', 'Professional', 'Rather Not Say', 'No', 'Power Forward', '6\'8', '270', 'Portland ', 'Jefferson high school ', 'No', '', '', 'N/A', 0, 'Cartel'),
	(435, '2021-09-20', 'bhamp21@yahoo.com', 'Bryson', 'Hampton', '1988-01-01', '5038752909', 'D-1 University', 'Yes', 'No', 'Power Forward', '6’8”', '240', 'Portland OR', 'UC Riverside', 'Yes', '', '', '@brycediggity', 0, 'Eddie Barnett Jr'),
	(436, '2021-09-08', 'calming2341@gmail.com', 'Calvin', 'Hampton', '1986-07-11', '5419084750', 'Professional', 'Rather Not Say', 'No', 'Power Forward', '6’10', '235', 'Who Cares', 'Shattered BackBoard A&M', 'Yes', '', '', 'CalMing2341', 0, '3 to the Dome'),
	(437, '2021-09-20', 'only8ths89@gmail.com', 'Cameron', 'Guyton', '1986-04-03', '5039335559', 'Professional', 'No', 'No', 'Point Guard', '6’0', '205', 'Portland', 'Portland Bible Cillege', 'Yes', '', '', 'N/A', 0, 'No Fronts'),
	(438, '2021-09-03', 'kingdoyle503@yahoo.com', 'Cedale', 'Doyle', '1986-07-02', '5033697494', 'Professional', 'Rather Not Say', 'No', 'Point Guard', '6’1', '210', 'NE Portland ', 'San Diego Christian ', 'Yes', '', '', 'DoyleLamendoza ', 0, 'Cartel '),
	(439, '2021-09-08', 'chaudr3y@gmail.com', 'Chaudrey', 'Boyd', '1990-11-08', '5037524358', 'Highschool Varsity', 'Yes', 'No', 'Small Forward', '6\'4', '190', 'Milwaukie', 'PCC', 'Yes', '', '', 'N/a', 0, '3 to the Dome'),
	(440, '2021-10-01', 'waterman.chris50@gmail.com', 'Chris', 'Jankans', '1994-05-02', '503-360-4317', 'D-1 University', 'Rather Not Say', 'No', 'Shooting Guard', '6\'3', '165', 'Your house', 'Parkrose', 'No', '', '', 'Regular_Cj', 0, 'G.B.O.E.'),
	(441, '2021-09-27', 'christiangonzalez3619@yahoo.com', 'Christian', 'Gonzalez', '1990-10-05', '818-319-0581', 'Recreational', 'Yes', 'No', 'Small Forward', '5\'11', '235', 'Burbank CA', 'John Burroughs high school', 'Yes', '', '', 'Chris_caldra38', 0, 'All in'),
	(442, '2021-09-01', 'ctarr@stmpdx.org', 'Coletun', 'Tarr', '1991-09-14', '5034532913', 'Professional', 'Yes', 'No', 'Small Forward', '6’6', '200', 'Milwaukie', 'Warner Pacific University ', 'Yes', '', '', '', 0, 'Goodfellas'),
	(443, '2021-09-28', 'collinspickerman@gmail.com', 'Collin', 'Spickerman', '1993-09-03', '503-347-0572', 'D-1 University', 'Yes', 'No', 'Power Forward', '6\'7', '245', 'Portland', 'Portland State', 'Yes', '', '', 'N/A', 0, 'Trillest'),
	(444, '2021-09-07', 'connorhurley@gmail.com', 'Connor', 'Hurley', '1992-05-07', '5034151121', 'College', 'Yes', 'No', 'Shooting Guard', '6’0', '180', 'Portland', 'Pacific university ', 'Yes', '', '', 'N/a', 0, 'Full Contact'),
	(445, '2021-09-30', 'craigramp@hotmail.com', 'Craig', 'Rampersaud', '1988-04-22', '541-602-2406', 'Recreational', 'Yes', 'No', 'Point Guard', '6\'0', '160', 'Roseburg ', 'Oregon state university ', 'Yes', '', '', 'Craig rampersaud ', 0, 'Shooting blanks'),
	(446, '2021-09-18', 'curtis2crocker@yahoo.com', 'Curtis', 'Crocker', '1996-12-14', '9712026728', 'Highschool Varsity', 'No', 'No', 'Shooting Guard', '6’0', '160', 'Hillsboro', 'PCC', 'Yes', '', '', '@6_thablakk', 0, 'Squadron'),
	(447, '2021-09-30', 'curtis.hill1@pcc.edu', 'Curtis', 'Hill', '1981-04-22', '503-597-9542', 'Professional', 'Yes', 'No', 'Power Forward', '6\'5', '250', 'Newark', 'Portland State', 'Yes', '', '', '@pfc_curt', 0, 'Jayhawks'),
	(448, '2021-09-27', 'Danny.j.lashley@gmail.com', 'Danny', 'Lashley', '2021-11-11', '503-459-3248', 'Recreational', 'Yes', 'No', 'Point Guard', '6\'0', '150', 'Beaverton ', 'Oregon State University ', 'Yes', '', '', 'N/a', 0, 'All in'),
	(449, '2021-09-28', 'davidrugh81@gmail.com', 'David', 'Rugh', '1981-10-01', '503-575-8731', 'Recreational', 'Yes', 'No', 'Shooting Guard', '5\'11', '150', 'Portland ', 'PCC', 'Yes', '', '', 'N/A', 0, 'Smokin 3’s'),
	(450, '2021-09-13', 'demarcus.richard@gmail.com', 'Demarcus', 'Richard', '1987-12-28', '5035609069', 'College', 'Rather Not Say', 'No', 'Point Guard', '6’1', '225', 'Portland ', 'Portland State', 'Yes', '', '', 'N/A', 0, 'Eddie Barnett Jr'),
	(451, '2021-09-30', 'phinish1st@gmail.com', 'Demetrius', 'McQuarn', '1984-12-15', '971-269-4088', 'D-1 University', 'Yes', 'No', 'Point Guard', '6\'2', '215', 'Portland ', 'University of British Columbia ', 'Yes', '', '', 'startswith_u', 0, 'The dream team'),
	(452, '2021-09-29', 'dmalloy304@gmail.com', 'Demonte', 'Malloy', '1999-07-12', '614-984-1368', 'College', 'Rather Not Say', 'Yes', 'Point Guard', '6\'3', '235', 'Raeford, North Carolina ', 'Saint Martin’s University ', 'No', '', '', '@demontemalloy', 0, '3 to the Dome'),
	(453, '2021-10-01', 'sophiajp325@gmail.com', 'Derail', 'Nelson', '1991-03-30', '503-607-3326', 'Community college ', 'No', 'No', 'Small Forward', '6\'3', '250', 'Portland', 'Portland community college', 'Yes', '', '', 'Real_relly_69', 0, 'Eddie Barnett '),
	(454, '2021-09-28', 'trujis24@gmail.com', 'Diego', 'Trujillo', '1994-12-28', '503-679-4355', 'Recreational', 'Yes', 'No', 'Point Guard', '5\'8', '150', 'Portland ', 'PSU', 'Yes', '', '', 'Diegotrujiillo', 0, 'Tune Squad'),
	(455, '2021-09-28', 'saucyhines57@gmail.com', 'DJ', 'Hines', '1989-04-11', '503-983-1016', 'High School Varsity', 'Rather Not Say', 'No', 'Center', '6\'5', '280', 'Molalla', 'Molalla high school', 'Yes', '', '', 'Oreodee11 ', 0, 'OVO'),
	(456, '2021-09-21', 'dqeasterling@gmail.com', 'Dominique', 'Easterling', '1985-11-20', '5412206659', 'College', 'Yes', 'Yes', 'Small Forward', '6’2”', '210', 'Madras, OR', 'UCLA', 'Yes', '', '', 'dqe', 0, 'The Murray’s '),
	(457, '2021-10-01', 'donaldnixon11@yahoo.com', 'Donald', 'Nixon III', '1999-11-02', '503-713-2425', 'High School Varsity', 'Rather Not Say', 'No', 'Point Guard', '5\'9', '160', 'Portland ', 'Reynolds ', 'Yes', '', '', '@ParkWayNix ', 0, 'Smokin 3’s'),
	(458, '2021-09-28', 'donstayhoopin@gmail.com', 'Donavan', 'Christensen', '1991-08-15', '805-245-2157', 'College', 'Rather Not Say', 'Yes', 'Point Guard', '6\'0', '200', 'Bay area', 'Sonoma state university', 'Yes', '', '', 'Highqplays', 0, 'N/a'),
	(459, '2021-09-18', 'pdx52503@gmail.com', 'Donte', 'Savage', '1989-05-05', '9712975642', 'Played in the NFL(Pro athlete period)', 'Rather Not Say', 'Yes', 'Shooting Guard', '6’1', '260', 'Portland ', 'New Mexico State university ', 'Yes', '', '', '@sirsavage_503', 0, 'Portland Savages'),
	(460, '2021-09-03', 'dlamb.dl.dl@gmail.com', 'Doug', 'Lamb', '1981-01-31', '9712697315', 'Professional', 'Rather Not Say', 'No', 'Point Guard', '6’1', '200', 'Brooklyn ', 'Western Oregon ', 'Yes', '', '', 'Yes', 0, 'Cartel'),
	(461, '2021-09-13', 'ejones@warnerpacific.edu', 'Earl', 'Jones', '1990-09-06', '7023756774', 'Professional', 'Yes', 'Yes', 'Point Guard', '5’8', '175', 'Henderson ', 'Warner Pacific University', 'Yes', '', '', 'Pookie_jones3', 0, 'Eddie Barnett Jr'),
	(462, '2021-09-03', 'eldonjoneso@gmail.com', 'Eldon', 'Jones', '1994-05-26', '5037891910', 'Highschool Varsity', 'Yes', 'No', 'Small Forward', '5’10”', '150', 'Portland ', 'The Art Institute of Portland ', 'Yes', '', '', 'eldonjonesiii', 0, 'Aces'),
	(463, '2021-09-28', 'elltay91@gmail.com', 'Elliot', 'Taylor', '1991-11-03', '971-325-0950', 'High School Varsity', 'Yes', 'No', 'Small Forward', '6\'2', '220', 'Brookfield, OH', 'Hiram College', 'Yes', '', '', 'N/A', 0, 'Tune Squad'),
	(464, '2021-09-27', 'sellers.erik@gmail.com', 'Erik', 'Berry-Sellers', '1987-12-21', '503-936-8833', 'High School Varsity', 'Yes', 'No', 'Point Guard', '5\'9', '170', 'West Linn', 'Oregon State University ', 'Yes', '', '', 'N/A', 0, 'All In'),
	(465, '2021-09-28', 'gjohnce@gmail.com', 'Francis', 'Johnson', '1983-08-14', '503-864-7905', 'D2 University', 'No', 'Yes', 'Small Forward', '6\'7', '204', 'Beaverton ', 'Western Oregon', 'Yes', '', '', 'Gjohnceusa ', 0, 'Cartel'),
	(466, '2021-09-03', 'mrghardy18@gmail.com', 'Gail', 'Hardy', '1991-08-19', '5038300894', 'College', 'Yes', 'No', 'Point Guard', '5’7', '150', 'Portland', 'UCR', 'Yes', '', '', '@gailtheg_', 0, 'Aces'),
	(467, '2021-09-19', 'gmcniel23@gmail.com', 'Grant', 'McNiel', '1994-01-30', '5039302128', 'College', 'Rather Not Say', 'No', 'Shooting Guard', '6’1', '180', 'Wilsonville', 'Whitworth University', 'Yes', '', '', 'N/A', 0, 'Full Contact'),
	(468, '2021-09-29', 'harper.r.c.james@gmail.con', 'Harper', 'James', '1997-07-21', '971-409-9441', 'High School Varsity', 'Yes', 'No', 'Small Forward', '6\'2', '190', 'Colton, OR', 'OSU', 'Yes', '', '', 'harperjames97 ', 0, 'The playmakerz '),
	(469, '2021-09-04', 'isaiah80r@gmail.com', 'Isaiah', 'Cummings', '1998-11-20', '5038997276', 'Highschool Varsity', 'Rather Not Say', 'No', 'Shooting Guard', '5’9', '172', 'Battle ground ', 'Battle ground high school ', 'Yes', '', '', 'Youngkingzay21', 0, 'Minx'),
	(470, '2021-09-30', 'igsmith05@gmail.com', 'Isaiah', 'Smith', '1987-06-09', '541-670-6456', 'High School Varsity', 'Yes', 'Yes', 'Small Forward', '6\'4', '215', 'Roseburg ', 'Western Oregon ', 'Yes', '', '', 'Isaiah-Smith-11', 0, 'Full Contact'),
	(471, '2021-09-28', 'jacobbostiog98@gmail.com', 'Jacob', 'Bostiog', '1998-09-24', '503-866-4838', 'High School Varsity', 'Rather Not Say', 'No', 'Shooting Guard', '6\'1', '190', 'Portland', 'Portland State', 'No', '', '', 'Jacobbostiog', 0, 'The Dream Team'),
	(472, '2021-09-29', 'Mosjam0801@gmail.com', 'Jamaal', 'Mosley', '1984-08-01', '503-332-3203', 'College', 'Yes', 'No', 'Small Forward', '6\'0', '290', 'Vancouver ', 'Elizabeth City State University ', 'Yes', '', '', 'Silk8483', 0, '3 to the Dome'),
	(473, '2021-09-30', 'marvcoleman90@gmail.com', 'Jamarvein', 'Coleman', '1992-09-24', '503-544-1372', 'College', 'Yes', 'No', 'Point Guard', '6\'3', '168', 'Portland ', 'Lane cc', 'Yes', '', '', '@mrmarvington', 0, 'Rose City Kings'),
	(474, '2021-09-07', 'jamesjblount@gmail.com', 'James', 'Blount', '1994-04-02', '5035052258', 'Highschool Varsity', 'Yes', 'No', 'Point Guard', '6’0', '200', 'Portland', 'University of Arizona', 'Yes', '', '', '@zonajames', 0, 'Full Contact'),
	(475, '2021-09-19', 'jj_spitler@outlook.com', 'James', 'Spitler', '1997-05-28', '5033329742', 'College', 'Yes', 'No', 'Shooting Guard', '6\'2', '185', 'Bend Or', 'Pacific University', 'Yes', '', '', 'jj_spitler', 0, 'Squadron'),
	(476, '2021-09-30', 'jamesjones_24@yahoo.com', 'James', 'Jones', '1991-09-27', '360-936-2063', 'College', 'Yes', 'No', 'Shooting Guard', '6\'1', '185', 'Oakland', 'South puget sound', 'Yes', '', '', 'Jamesjones24', 0, 'Trillest'),
	(477, '2021-10-01', 'jasonc2249@gmail.com', 'Jason', 'Chang', '1992-03-15', '503-710-5354', 'Recreational', 'Yes', 'No', 'Point Guard', '5\'7', '165', 'Taiwan', 'University of oregon', 'Yes', '', '', 'Ok', 0, 'OVO'),
	(478, '2021-10-01', 'iveyball33@gmail.com', 'Jeb', 'Ivey', '1980-11-07', '503-887-9544', 'Professional', 'Yes', 'No', 'Point Guard', '6\'2', '195', 'San Jose, CA', 'Portland State', 'Yes', '', '', 'Jeb Ivey', 0, 'OPM'),
	(479, '2021-09-07', 'jeffreymack1215@gmail.com', 'Jeffrey', 'Mack', '1969-12-15', '9719984711', 'Highschool Varsity', 'Yes', 'No', 'Point Guard', '5’ 7', '170', 'Vancouver, Wa', 'Devry Dallas', 'No', '', '', 'N/A', 0, 'Aces'),
	(480, '2021-09-30', 'JeffLocke123@gmail.com', 'Jeffrey', 'Locke', '1995-01-23', '503-318-3968', 'High School Varsity', 'Yes', 'No', 'Shooting Guard', '6\'2', '185', 'Portland', 'University of Vermont', 'Yes', '', '', 'JeffLocke123', 0, 'Jayhawks'),
	(481, '2021-09-28', 'jaerae2805@gmail.com', 'Jeray', 'Parnell', '1987-07-18', '971-706-7780', 'College', 'Rather Not Say', 'No', 'Small Forward', '6\'4', '217', 'Portland ', 'COS', 'Yes', '', '', '@jptheofficial28', 0, 'Hoopers Hoop'),
	(482, '2021-09-30', 'jc.harris1011@gmail.com', 'Jeremiah', 'Harris', '1994-06-11', '503-960-6300', 'College', 'Rather Not Say', 'Yes', 'Shooting Guard', '6\'5', '230', 'Portland', 'Corban U', 'Yes', '', '', 'N/a', 0, 'GBOE'),
	(483, '2021-09-30', 'Jeremytb1993@gmail.com', 'Jeremy', 'Brown', '1993-11-13', '503-999-4034', 'College', 'Yes', 'No', 'Shooting Guard', '6\'0', '165', 'Salem,OR', 'Portland State University', 'Yes', '', '', '@jeremytb_', 0, 'GBOE'),
	(484, '2021-09-03', 'jschweinfurth13@georgefox.edu', 'Joey', 'Schweinfurth', '1994-12-11', '503-545-9160', 'College', 'No', 'No', 'Small Forward', '6’2', '270', 'Los Ángeles CA', 'George Fox Masters School', 'Yes', '', '', 'I don’t have one', 0, 'Jayhawks'),
	(485, '2021-09-10', 'joey.hoffman@outlook.com', 'Joey', 'Hoffman', '1999-02-19', '5419148835', 'Highschool Varsity', 'Yes', 'Yes', 'Shooting Guard', '6’ 4’', '205', 'Eugene', 'South Eugene High School', 'Yes', '', '', 'Joeyhoffmanx', 0, 'NA'),
	(486, '2021-09-04', 'jstovall1617@gmail.com', 'John', 'Stovall', '1995-11-02', '6145572258', 'Recreational', 'No', 'No', 'Power Forward', '6’2”', '200', 'Columbus OH', 'University of Missouri ', 'Yes', '', '', '@jstovall4', 0, 'Minx'),
	(487, '2021-09-07', 'jmlenard014@gmail.com', 'Jordan', 'Lenard', '1996-05-24', '3604501026', 'College', 'Yes', 'No', 'Small Forward', '6’5', '205', 'Camas ', 'Eastern Washington university ', 'Yes', '', '', 'Jmlenard23', 0, 'Full Contact'),
	(488, '2021-09-27', 'jantzij@gene.com', 'Jordan', 'Jantzi', '1988-03-27', '541-401-8152', 'College', 'Yes', 'No', 'Shooting Guard', '6\'1', '175', 'Lebanon, OR', 'Oregon State University', 'Yes', '', '', '@squatchhooks', 0, 'All In'),
	(489, '2021-09-28', 'jraymoss@gmail.com', 'Jordan', 'Moss', '1991-05-06', '402-708-3934', 'High School Varsity', 'Yes', 'Yes', 'Point Guard', '6\'1', '210', 'Omaha, NE', 'University of Nebraska-Lincoln', 'Yes', '', '', '@mossthis_mossthat', 0, 'N/A'),
	(490, '2021-09-30', '5shortstop@comcast.net', 'Jordan', 'Berni', '1995-01-16', '360-771-5229', 'College', 'Yes', 'No', 'Point Guard', '6\'0', '190', 'Vancouver, WA', 'Clark College', 'Yes', '', '', 'all_eyeson8', 0, 'Rose City Kings'),
	(491, '2021-10-01', 'boost3d2@hotmail.com', 'Jordan', 'Zack', '1983-12-17', '360-771-4031', 'College', 'Yes', 'No', 'Point Guard', '6\'1', '210', 'Portland', 'Pcc ', 'Yes', '', '', '@jzack_fd', 0, 'Trillest'),
	(492, '2021-09-08', 'jdjackso77@gmail.com', 'Joseph', 'Jackson', '1992-12-28', '9717276874', 'College', 'Yes', 'No', 'Shooting Guard', '6’0', '250', 'Hillsboro ', 'Willamette University ', 'Yes', '', '', 'j_jackson77', 0, '3 to the Dome'),
	(493, '2021-10-01', 'moralesjoe4@gmail.com', 'Joseph', 'Morales', '1993-12-26', '971-302-1624', 'College', 'Yes', 'No', 'Point Guard', '6\'0', '173', 'Portland', 'Pcc ', 'Yes', '', '', '@joseph.ray7', 0, 'Hoopers Hoop'),
	(494, '2021-09-29', 'Turnerboi1120@gmail.com', 'Josh', 'Turner', '1990-04-12', '503-501-9806', 'College', 'Yes', 'Yes', 'Shooting Guard', '6\'2', '220', 'Portland', 'Grant HS', 'Yes', '', '', '@turnerboi11', 0, 'OPM'),
	(495, '2021-10-01', 'joshtarver@aol.com', 'Joshua', 'Tarver', '1986-10-18', '503-724-5016', 'Professional', 'No', 'No', 'Point Guard', '6\'3', '205', 'Northeast Portland ', 'Oregon State', 'Yes', '', '', 'J.Tarver_05', 0, 'Cartel'),
	(496, '2021-09-03', 'martin.moore1530@gmail.com', 'JR', 'Moore', '1983-12-15', '5034389068', 'Professional', 'Yes', 'No', 'Power Forward', '6\'9', '300', 'Portland ', 'Portland state', 'Yes', '', '', 'The_legendary_bushido_brown', 0, 'Cartel'),
	(497, '2021-10-01', 'coleman.juston@gmail.com', 'Juston', 'Coleman', '1985-05-20', '360-635-2702', 'College', 'No', 'No', 'Shooting Guard', '6\'0', '225', 'Phoenix, AZ', 'Portland Bible College', 'Yes', '', '', 'N/A', 0, 'Trillest'),
	(498, '2021-09-19', 'kadrenadd@gmail.com', 'Kadren', 'Addy', '2000-04-07', '5037326830', 'Highschool Varsity', 'Rather Not Say', 'No', 'Shooting Guard', '6”0', '155', 'Portland ', 'Portland community college ', 'Yes', '', '', '@kadrennnn', 0, 'Aces'),
	(499, '2021-10-01', 'peneuetak@gmail.com', 'Kenese', 'Peneueta', '1997-03-23', '360-550-7964', 'College', 'Yes', 'Yes', 'Power Forward', '6\'4', '235', 'Vancouver', 'Portland Bible College', 'No', '', '', 'N/A', 0, 'Trillest'),
	(500, '2021-09-07', 'khurley503@gmail.com', 'Kevin', 'Hurley', '1994-04-21', '9715069284', 'College', 'Yes', 'No', 'Point Guard', '6’1', '185', 'Portland ', 'Linfield university ', 'Yes', '', '', 'Khurley503@gmail.com', 0, 'Full Contact'),
	(501, '2021-09-29', 'kofi_hesslup@yahoo.com', 'Kofi', 'Hesslup', '1992-10-02', '971-340-9282', 'College', 'Yes', 'Yes', 'Small Forward', '6\'4', '185', 'Palm Springs, CA', 'Portland State University', 'Yes', '', '', '@kofihesslup', 0, '3 to the Dome'),
	(502, '2021-09-07', 'kowens2024@gmail.com', 'Kyle', 'Owens', '1997-04-21', '6502073072', 'College', 'Yes', 'No', 'Point Guard', '6\'0', '180', 'Los Altos, CA', 'Lewis & Clark College', 'Yes', '', '', '@kyleowens3', 0, 'Full Contact'),
	(503, '2021-09-28', 'kvermillion24@gmail.com', 'Kyle', 'Vermillion', '1997-06-19', '503-781-7859', 'Recreational', 'Yes', 'No', 'Power Forward', '6\'6', '195', 'Clackamas', 'Clackamas High School', 'Yes', '', '', '@buckets_24', 0, 'Smokin 3’s'),
	(504, '2021-10-01', 'kylewizzard@gmail.com', 'Kyle', 'Wizzard', '1996-11-20', '770-490-8245', 'College', 'Rather Not Say', 'No', 'Point Guard', '5\'6', '155', 'Atlanta, GA', 'University of Antelope Valley ', 'Yes', '', '', '@thewizzrd_', 0, 'Mobb Deep'),
	(505, '2021-09-04', 'kyrigreene10@gmail.com', 'Kyri', 'Greene', '2000-08-31', '5037076324', 'Highschool Varsity', 'No', 'No', 'Point Guard', '6’2', '140', 'Beaverton ', 'Aloha High School', 'Yes', '', '', 'K.deuceee', 0, 'Minx'),
	(506, '2021-09-07', 'steelmanlogan@hotmail.com', 'Logan', 'Steelman', '1996-09-06', '9714002575', 'Recreational', 'Yes', 'Yes', 'Shooting Guard', '6ft 4 inch', '195', 'Aloha', 'Portland Community College', 'Yes', '', '', 'steelman.fitness', 0, 'None'),
	(507, '2021-10-02', 'lorishervey@gmail.com', 'Loris', 'Hervey', '1995-07-23', '503-753-8834', 'Professional', 'No', 'Yes', 'Shooting Guard', '6\'3', '185', 'Portland', 'College of the redwoods', 'Yes', '', '', '@real0rganic_herv', 0, 'GBOE'),
	(508, '2021-10-01', 'barhamlouis@gmail.com', 'Louis', 'Barham III', '1986-09-25', '360-773-2098', 'Simi', 'Rather Not Say', 'Yes', 'Point Guard', '6\'5', '211', 'Palmdale ', 'Keyano ', 'Yes', '', '', '@lue2332', 0, 'The Dream Team'),
	(509, '2021-09-29', 'jellyfishbrigade@gmail.com', 'Lucas', 'Dix', '1985-06-28', '503-481-1781', 'High School Varsity', 'Yes', 'No', 'Shooting Guard', '6\'1', '205', 'Kenosha, WI', 'UW-Lax', 'Yes', '', '', '@jellyfishbrigade', 0, '3 to the Dome'),
	(510, '2021-09-16', 'demos5@comcast.net', 'Marquis', 'Hall', '1987-12-03', '5035394414', 'Professional', 'Yes', 'No', 'Point Guard', '5’11”', '190', 'Portland', 'Lehigh University', 'Yes', '', '', 'marqu1s_hall', 0, 'Eddie Barnett Jr'),
	(511, '2021-09-16', 'mason.martin1119@gmail.com', 'Mason', 'Martin', '1997-06-03', '5037569983', 'Highschool Varsity', 'Rather Not Say', 'No', 'Point Guard', '6 foot', '165', 'Oregon city ', 'Clackamas community college', 'No', '', '', 'N/A', 0, 'Squadron'),
	(512, '2021-09-30', 'mmicheletty@gmail.com', 'Matthew', 'Micheletty', '1986-11-13', '971-713-0073', 'High School Varsity', 'Rather Not Say', 'No', 'Small Forward', '6\'2', '225', 'Boise Idaho', 'Boise State University ', 'Yes', '', '', 'Matthew_micheletty', 0, 'Jayhawks'),
	(513, '2021-09-30', 'mattkachlik@gmail.com', 'Matthew', 'Kachlik', '2000-02-08', '503-729-0388', 'High School Varsity', 'Rather Not Say', 'No', 'Center', '6\'5', '205', 'Portland ', 'Portland state ', 'Yes', '', '', 'Mkachlik ', 0, 'Same Energy'),
	(514, '2021-09-29', 'mckay.burg@gmail.com', 'McKay', 'Burg', '1997-07-11', '503-360-7201', 'High School Varsity', 'Yes', 'No', 'Small Forward', '6\'6', '180', 'Lake Oswego', 'Oregon', 'Yes', '', '', 'mckayburg / dj shagwell', 0, 'Oregon ABC'),
	(515, '2021-09-28', 'commanderz1026@hotmail.com', 'Micah', 'Bolar', '1978-09-11', '206-579-3392', 'College', 'No', 'No', 'Small Forward', '6\'5', '335', 'Vancouver', 'N/A', 'No', '', '', 'N/A', 0, 'Hoopers Hoop'),
	(516, '2021-09-20', 'mackinazz1@gmail.com', 'Michael', 'Willis', '1986-07-01', '9713479478', 'College', 'Yes', 'No', 'Shooting Guard', '6’2', '215', 'Portland', 'Tabor university ', 'Yes', '', '', 'Mackmike503', 0, 'Cartel'),
	(517, '2021-09-26', 'mirapa@umich.edu', 'Michael', 'Parker', '1991-12-18', '517-745-7899', 'High School Varsity', 'Yes', 'No', 'Small Forward', '6\'4', '210', 'Jackson ', 'University of Michigan ', 'No', '', '', 'N/a', 0, 'Brick N Roll'),
	(518, '2021-09-28', 'green2uo@gmail.com', 'Michael', 'Green', '1990-10-10', '503-545-5094', 'High School Varsity', 'Yes', 'No', 'Point Guard', '5\'11', '220', 'Portland', 'U of o', 'Yes', '', '', 'N/A', 0, 'Kareem Cheese'),
	(519, '2021-09-28', 'garcia.miguel2020@yahoo.com', 'Miguel', 'Garcia', '1992-10-14', '503-871-5790', 'High School Varsity', 'Rather Not Say', 'No', 'Point Guard', '5\'10', '185', 'Bakersfield, CA ', 'University of Oregon', 'Yes', '', '', '@garciamiguel20', 0, 'Kareem Cheese'),
	(520, '2021-09-13', 'mike.simmons1015@gmail.com', 'Mike', 'Simmons', '1987-10-15', '503 327-1543', 'College', 'Rather Not Say', 'No', 'Power Forward', '6’3', '250', 'Sneaker valley, OR ', 'Jefferson High school ', 'Yes', '', '', 'N/a', 0, 'Eddie Barnett Jr'),
	(521, '2021-09-28', 'mitchcraig04@gmail.com', 'Mitch', 'Craig', '1989-10-27', '406-672-6011', 'High School Varsity', 'Yes', 'No', 'Power Forward', '6\'4', '190', 'Billings, MT', 'UCLA Anderson School of Management', 'Yes', '', '', 'Mitchcraig04 ', 0, 'Smokin 3’s'),
	(522, '2021-09-08', 'mitchellperkins3@gmail.com', 'Mitchell', 'Perkins', '1994-04-19', '5038606827', 'Highschool Varsity', 'Yes', 'No', 'Point Guard', '5’10”', '165', 'Hillsboro', '-', 'Yes', '', '', '@mitchperk', 0, '3 to the Dome'),
	(523, '2021-09-04', 'nadirbradford121@gmail.com', 'Nadir', 'Bradford', '2000-04-22', 'N/A', 'Highschool Varsity', 'No', 'No', 'Point Guard', '5’8', '150', 'Portland Oregon ', 'Reynolds high school', 'Yes', '', '', 'Dirr_6', 0, 'Minx'),
	(524, '2021-09-04', 'najibmatabaro@gmail.com', 'Najib', 'Matabaro', '1998-06-21', '5039702143', 'Recreational', 'Yes', 'No', 'Point Guard', '6’0', '150', 'Portland', 'PCC', 'Yes', '', '', 'N/A', 0, 'Minx'),
	(525, '2021-09-28', 'nathanielpaderanga@gmail.com', 'Nathaniel', 'Paderanga', '1992-10-08', '858-408-5546', 'High School Varsity', 'Yes', 'No', 'Point Guard', '5\'10', '170', 'San Diego', 'LONG BEACH STATE', 'Yes', '', '', '@theartofnate_', 0, 'Hoopers Hoop'),
	(526, '2021-09-05', 'Nestorcalderon1524@mail.com', 'Nestor', 'Calderon', '1991-07-26', '5039567641', 'Highschool Varsity', 'Rather Not Say', 'Yes', 'Center', '6’ feet', '290', 'Salem ', 'Woodburn high school ', 'Yes', '', '', 'Yes ', 0, 'Don’t have one'),
	(527, '2021-09-28', 'nickcortese200@gmail.com', 'Nicholas', 'Cortese', '1997-12-09', '503-915-5191', 'Oregon State Practice Player', 'No', 'No', 'Point Guard', '6\'0', '175', 'Portland', 'Oregon State University', 'Yes', '', '', 'Friend', 0, 'Oregon ABC'),
	(528, '2021-09-28', 'nicholas.estibar@gmail.com', 'Nicholas', 'Estibar', '1995-07-11', '503-575-0955', 'College', 'Yes', 'No', 'Point Guard', '6\'0', '200', 'Portland', 'Portland State University', 'Yes', '', '', 'nico_estibar22', 0, 'OVO'),
	(529, '2021-09-08', 'quintero_ohq@hotmail.com', 'Obed', 'Quintero', '1994-04-11', '5038402919', 'Highschool Varsity', 'Rather Not Say', 'No', 'Shooting Guard', '5’10', '180', 'Portland ', 'Portland community college', 'Yes', '', '', 'thee_obedquintero', 0, '3 to the Dome'),
	(530, '2021-09-30', 'omar.q.khan@aol.com', 'Omar', 'Khan', '1991-08-10', '971-901-8034', 'College', 'Yes', 'No', 'Small Forward', '6\'1', '260', 'Pakistan', 'Portland State', 'Yes', '', '', 'N/a', 0, 'Jayhawks'),
	(531, '2021-09-30', 'Ozziegeorge34@gmail.con', 'Ozzie', 'George', '1993-07-11', '503-998-7596', 'College', 'Rather Not Say', 'No', 'Shooting Guard', '6\'3', '186', 'Portland ', 'Clark College', 'Yes', '', '', 'King_George.34', 0, 'Rose City Kings'),
	(532, '2021-09-28', 'paullmccoy@gmail.com', 'Paul', 'McCoy', '1990-08-03', '503-989-9328', 'D-1 University', 'Rather Not Say', 'No', 'Point Guard', '6\'0', '210', 'Portland ', 'Saint Mary’s College ', 'Yes', '', '', 'Therea1mccoy', 0, 'Tune Squad '),
	(533, '2021-09-30', 'nelson.phil.w@gmail.com', 'Phil', 'Nelson', '1988-03-02', '503-250-2098', 'D-1 University', 'Rather Not Say', 'Yes', 'Small Forward', '6\'8', '250', 'Keizer', 'Portland State University', 'Yes', '', '', 'Bigsmooove', 0, 'Shooting Blanks'),
	(534, '2021-09-10', 'Ramze.c.Matabaro@gmail.com', 'Ramze', 'Matabaro', '2000-04-22', '9712304046', 'Recreational', 'Rather Not Say', 'Yes', 'Shooting Guard', '6’3', '174', 'Hillsboro oregon', 'Oregon state university ', 'Yes', '', '', '@rns.wrld', 0, 'Minx'),
	(535, '2021-09-26', 'reggieguyton11@gmail.com', 'Reggie', 'Guyton', '1988-07-19', '503-891-5910', 'Professional', 'Yes', 'No', 'Point Guard', '6\'0', '205', 'Portland', 'Oral Roberts', 'Yes', '', '', '@reggie_11', 0, 'OPM'),
	(536, '2021-09-22', 'richardung@ymail.com', 'Richard', 'Ung', '1991-02-08', '503-360-7996', 'College', 'Yes', 'No', 'Shooting Guard', '6\'0', '200', 'Portland, OR', 'University of Oregon', 'Yes', '', '', 'richardung', 0, 'Oregon ABC'),
	(537, '2021-09-30', 'runakobelt45@gmail.com', 'Runako', 'Belt', '1992-09-10', '971-200-9620', 'College', 'Rather Not Say', 'No', 'Shooting Guard', '6\'0', '185', 'Tucson', 'NHCC', 'No', '', '', 'N/A', 0, 'GBOE'),
	(538, '2021-09-04', 'Russelldroll@gmail.com', 'Russell', 'Droll', '1993-01-04', '5204903523', 'College', 'Yes', 'No', 'Power Forward', '6’8', '215', 'Tucson, AZ', 'Bellevue University ', 'Yes', '', '', 'Viewsfromsixeight', 0, 'Jayhawks'),
	(539, '2021-09-27', 'ryanhearon22@gmail.com', 'Ryan', 'Hearon', '1994-04-22', '503-277-8834', 'Recreational', 'Yes', 'No', 'Power Forward', '5\'10', '215', 'Lake Oswego', 'Oregon State University', 'Yes', '', '', 'N/A', 0, 'All In'),
	(540, '2021-09-29', 'ryand.pfeifer@gmail.com', 'Ryan', 'Pfeifer', '1995-06-06', '503-753-8571', 'Recreational', 'Yes', 'No', 'Power Forward', '6\'3', '200', 'Portland', 'University of Oregon', 'Yes', '', '', 'N/A', 0, 'Tune Squad'),
	(541, '2021-09-29', 'rgallardo1988@gmail.com', 'Ryan', 'Gallardo', '1988-05-31', '818-469-2505', 'Professional', 'Yes', 'No', 'Shooting Guard', '6\'1', '185', 'Portland, OR', 'Clark Community College', 'Yes', '', '', 'Ryyann10', 0, 'Trillest'),
	(542, '2021-09-30', 'brownsaivon@gmail.com', 'Saivon', 'Brown', '2000-03-25', '503-309-9155', 'High School Varsity', 'No', 'No', 'Shooting Guard', '6\'1', '160', 'Portland ', 'Butte college ', 'Yes', '', '', 'Saivonbrown ', 0, 'Hoopers Hoop'),
	(543, '2021-09-30', 'sam.hanthaley@gmail.com', 'Sam', 'Hanthaley', '1990-03-19', '503-756-9597', 'High School Varsity', 'Yes', 'No', 'Point Guard', '5\'10', '190', 'Milwaukie, OR', 'Milwaukie HS', 'Yes', '', '', 'samhanthaley', 0, 'Shooting Blanks'),
	(544, '2021-09-14', 'scottietaylor27@gmail.com', 'Scottie', 'Taylor', '1988-04-23', '5033096222', 'College', 'Yes', 'No', 'Point Guard', '6’0', '180', 'Portland ', 'North lake cc', 'No', '', '', 'Og.wax', 0, 'Eddie Barnett Jr'),
	(545, '2021-09-30', 'seanliebers@yahoo.com', 'Sean', 'Mowrey', '1995-04-20', '971-998-0965', 'College', 'Yes', 'Yes', 'Shooting Guard', '6\'4', '210', 'Honolulu Hawaii ', 'Portland community college ', 'Yes', '', '', 'N/A', 0, 'Jayhawks'),
	(546, '2021-10-01', 'chitown90sbaby@gmail.com', 'Sean', 'Gaines', '1990-04-08', '971-601-2049', 'Professional', 'Rather Not Say', 'Yes', 'Small Forward', '6\'7', '205', 'Porty', 'Warner Pacific', 'Yes', '', '', 'chitown90sbaby', 0, 'OPM'),
	(547, '2021-10-01', 'satnba@aol.com', 'Seth', 'Tarver', '1988-07-01', '510-590-2712', 'Professional', 'Yes', 'No', 'Small Forward', '6\'5', '235', 'Portland', 'Oregon State', 'Yes', '', '', 'N/A', 0, 'OPM'),
	(548, '2021-09-29', 'malloy22nc@yahoo.com', 'Shawn', 'Malloy', '1984-01-25', '910-257-0083', 'Professional', 'Yes', 'No', 'Power Forward', '6\'10', '296', 'Raeford, NC', 'University of New Orleans', 'Yes', '', '', 'bigboy22nc ', 0, '3 to the Dome'),
	(549, '2021-09-30', 'spencermh27@gmail.com', 'Spencer', 'Hatch', '1995-08-02', '714-794-4082', 'Recreational', 'Yes', 'Yes', 'Power Forward', '6\'0', '170', 'SF Bay Area', 'University of California Santa Cruz', 'Yes', '', '', 'N/A', 0, 'N/A'),
	(550, '2021-09-27', 'skatogeringer@gmail.com', 'Steven', 'Geringer', '1992-11-11', '503-860-1945', 'Recreational', 'Yes', 'No', 'Center', '6\'5', '280', 'Portland ', 'Oregon State University ', 'No', '', '', 'N/a', 0, 'All In'),
	(551, '2021-09-03', 'sundiata23@yahoo.com', 'Sundi', 'Edwards', '1996-01-23', '9714207464', 'College', 'Yes', 'No', 'Center', '7’3', '250', 'Portland', 'Highline College', 'Yes', '', '', '@skytree_23', 0, 'Aces'),
	(552, '2021-09-29', 'talanoasmith@gmail.com', 'Talanoa', 'Smith', '1993-11-10', '808-260-2650', 'College', 'Yes', 'No', 'Point Guard', '6\'2', '200', 'Pago Pago', 'Willamette University', 'No', '', '', 'talanoa.smith', 0, 'Tune Squad'),
	(553, '2021-09-04', 'taran623@hotmail.com', 'Taran', 'Bradley', '1995-06-23', '5039700118', 'Hurt in college', 'Yes', 'No', 'Shooting Guard', '6’4', '185', 'Portland ', 'PCC', 'No', '', '', 'tboogie623', 0, 'Aces '),
	(554, '2021-09-03', 'tjshoeman@gmail.com', 'Taryn', 'Jones', '1995-11-27', '5039281046', 'Highschool Varsity', 'Rather Not Say', 'No', 'Point Guard', '5’10', '200', 'Portland', 'Beau Monde Academy', 'Yes', '', '', 'tarynjjones', 0, 'Aces'),
	(555, '2021-09-03', 'tj.pdx@yahoo.com', 'Terrence', 'Johnson', '1998-02-20', '9714077109', 'Recreational', 'Yes', 'Yes', 'Small Forward', '6’5', '170', 'Portland ', 'Jefferson ', 'Yes', '', '', '@tj.pdx', 0, 'Aces'),
	(556, '2021-09-27', 'thomas3gardner@gmail.com', 'Thomas', 'Gardner', '1985-02-08', '503-560-7879', 'Professional', 'Yes', 'No', 'Shooting Guard', '6\'6', '230', 'Portland ', 'University of Missouri ', 'Yes', '', '', 'Gardner_est.1985', 0, 'Eddie Barnett Jr'),
	(557, '2021-10-01', 'badballertim@gmail.com', 'Tim', 'Lott', '1992-03-18', '971-865-7555', 'Professional', 'Rather Not Say', 'No', 'Shooting Guard', '6\'4', '200', 'Portland ', 'UMW', 'Yes', '', '', 'Na', 0, 'Rose city kings '),
	(558, '2021-09-28', 'baller.tre@gmail.com', 'Tre', 'Clark', '1994-03-23', '360-921-8322', 'College', 'Yes', 'Yes', 'Small Forward', '6\'6', '220', 'Vancouver', 'Lcc', 'Yes', '', '', '@treckark1', 0, 'The Murray’s '),
	(559, '2021-09-10', 'trevorhoward@comcast.net', 'Trevor', 'Howard', '1996-06-10', '5037980952', 'College', 'Rather Not Say', 'No', 'Shooting Guard', '6 2', '190', 'Salem', 'NA', 'Yes', '', '', 'THow5', 0, 'The playmakers '),
	(560, '2021-09-26', 'treynelson21@hotmail.com', 'Trey', 'Nelson', '1995-07-10', '503-927-5778', 'College', 'Rather Not Say', 'No', 'Point Guard', '6\'0', '165', 'Portland', 'Bellevue College ', 'Yes', '', '', 'Treynelson04', 0, 'OPM'),
	(561, '2021-09-30', 'treychan05@gmail.com', 'Trey', 'Channel', '1989-12-14', '503-453-0256', 'College', 'No', 'No', 'Point Guard', '5\'8', '215', 'Portland ', 'Portland Community College', 'Yes', '', '', 'N/A', 0, 'G.B.O.E'),
	(562, '2021-09-29', 'archield.tristan@gmail.com', 'Tristan', 'Archield', '1989-03-30', '971-228-9897', 'College', 'Yes', 'No', 'Point Guard', '6\'4', '175', 'Portland', 'Portland State', 'Yes', '', '', 'Tchield21', 0, 'The Dream Team'),
	(563, '2021-09-29', 'Drebell68@yahoo.com', 'Twandrae', 'Bell', '1989-01-21', '360-553-6344', 'College', 'Yes', 'No', 'Point Guard', '6\'3', '167', 'Woodbury Ga', 'Clark College', 'Yes', '', '', 'Dar_boidreno', 0, 'The Dream Team'),
	(564, '2021-09-05', 'peacockty5@gmail.com', 'Ty', 'Peacock', '1995-11-09', '9712261907', 'College', 'Yes', 'No', 'Small Forward', '6’6”', '230', 'Beaverton', 'Notre Dame de Namur', 'Yes', '', '', 'Ty_peacock25', 0, 'Minx'),
	(565, '2021-09-07', 'vincent.capellino@gmail.com', 'Vincent', 'Capellino', '1990-02-22', '5305451278', 'College', 'Yes', 'No', 'Small Forward', '6’6', '185', 'South Lake Tahoe, CA', 'University of St. Augustine for Health Sciences', 'Yes', '', '', '@vinniecap243', 0, 'Full Contact'),
	(566, '2021-09-13', 'webster_moreland@hotmail.com', 'Web', 'Moreland', '1987-03-02', '5036212323', 'Professional', 'Rather Not Say', 'No', 'Small Forward', '6ft6', '210', 'Fairfield, Ca', 'Warner Pacific College ', 'Yes', '', '', 'Webmoreland87', 0, 'Eddie Barnett Jr'),
	(567, '2021-09-28', 'wmccoy1122@gmail.com', 'William', 'McCoy', '1986-11-11', '503-935-3040', 'College', 'Yes', 'No', 'Point Guard', '6\'0', '190', 'Portland Oregon', 'Lane Community College', 'Yes', '', '', '@darealmccoy22', 0, 'Tune Squad'),
	(568, '2021-09-20', 'xav212191@gmail.com', 'Xavier', 'Rosevear', '1995-05-14', '5035509562', 'Recreational', 'Yes', 'No', 'Small Forward', '5’11', '205', 'Beaverton ', 'University of Oregon', 'Yes', '', '', 'Xavierrosevear', 0, 'Squadron'),
	(569, '2021-09-26', 'xhallinan5@gmail.com', 'Xavier', 'Hallinan', '1996-08-10', '503-819-8360', 'D-1 University', 'Yes', 'No', 'Point Guard', '6\'0', '175', 'Portland', 'University of Portland', 'Yes', '', '', 'xhallinan', 0, 'GBOE'),
	(570, '2021-09-29', 'xxavierchappelltaylor@gmail.com', 'Xavier', 'Taylor', '1988-12-12', '503-410-1023', 'College', 'Yes', 'No', 'Point Guard', '6\'1', '180', 'Portland', 'Clark CC', 'Yes', '', '', 'xavierctaylor', 0, 'OPM'),
	(571, '2021-09-03', 'zsmiley1994@gmail.com', 'Zachary', 'Wormley', '1994-12-15', '402-570-2798 ', 'Highschool Varsity', 'Yes', 'No', 'Point Guard', '6\'3', '160', 'Portland', 'Lincoln Southeast High School', 'Yes', '', '', 'Zakwita_k ', 0, 'Jayhawks'),
	(572, '2021-09-03', 'mikefesserjr@gmail.com', 'Michael', 'Fesser Jr', '1996-02-22', '503-380-0987', 'D-1 University', 'No', 'No', 'Shooting Guard', '6”1', '200', 'Portland ', 'Graceland University ', 'Yes', '', '', 'N/A', 0, 'Aces'),
	(573, '2021-09-04', 'dmac503.dm@gmail.com', 'DeShaun', 'McKenzie', '1986-04-05', '15033827589', 'D-1 University', 'Yes', 'No', 'Point Guard', '6\'0', '192', 'Portland, Oregon', 'Weber State', 'Yes', '', '', 'Dmac2222', 0, 'Cartel'),
	(574, '2021-09-06', 'srising003@gmail.com', 'Steven', 'Rising', '2003-10-12', '5038982080', 'Recreational', 'Yes', 'No', 'Small Forward', '6,2', '145', 'Oregon city', 'Oregon city high school ', 'Yes', '', '', 'N/a', 0, 'Jayhawks'),
	(575, '2021-09-08', 'allanbillinger@gmail.com', 'Allen', 'Billinger Jr', '1997-01-26', '618-924-2168', 'College', 'Yes', 'No', 'Point Guard', '6’0”', '175', 'Carbondale, Illinois', 'Drury University', 'Yes', '', '', 'Acrossover3', 0, '3 to the Dome'),
	(576, '2021-09-08', 'westj002@crk.umn.edu', 'Tyler', 'West Jr', '1991-06-12', '5032709891', 'College', 'Yes', 'No', 'Point Guard', '6’6”', '220', 'Portland', 'University of Minnesota, Crookston', 'Yes', '', '', 'SirWest612', 0, 'N/A'),
	(577, '2021-09-26', 'campbell414244@gmail.com', 'Alonzo', 'Campbell Jr', '1996-02-13', '614-981-3746', 'D-1 University', 'Yes', 'No', 'Power Forward', '6\'11', '245', 'Portland', 'Alcorn State University', 'Yes', '', '', '@KingZo__42', 0, 'Playmakerz '),
	(578, '2021-09-28', 'kdj6500@yahoo.com', 'Kevin', 'Johnson Jr', '1984-06-04', '925-207-7175', 'Professional', 'Yes', 'Yes', 'Power Forward', '6\'7', '245', 'Oakland/Portland ', 'Humboldt State University ', 'Yes', '', '', 'kevinjohnsonjr65', 0, 'Trillest'),
	(579, '2021-09-28', 'duranandrews3@gmail.com', 'Duran', 'Andrews Jr', '1996-04-25', '503-780-5852', 'D-2 University ', 'No', 'No', 'Shooting Guard', '5\'11', '195', 'Portland ', 'Concordia University ', 'Yes', '', '', '__duranandrews', 0, 'Playmakerz '),
	(580, '2021-09-28', 'cannon.paul.2@gmail.com', 'Paul', 'Cannon', '1983-08-05', '503-984-7335', 'High School Varsity', 'Yes', 'Yes', 'Point Guard', '5\'11', '190', 'Leland Mississippi ', 'Westview ', 'Yes', '', '', 'mr_cannon', 0, 'Trillest'),
	(581, '2021-09-29', 'justice.whitehurst@gmail.com', 'Chance', 'Whitehurst', '1994-11-17', '503-758-8453', 'Recreational', 'Yes', 'No', 'Small Forward', '6\'4', '185', 'Portland ', 'Portland State ', 'Yes', '', '', 'thechancejustice ', 0, 'OPM'),
	(582, '2021-09-29', 'tayetto@gmail.com', 'Bertonitti', 'Tayetto', '1996-05-21', '503-341-5841', 'Recreational', 'Yes', 'Yes', 'Point Guard', '5\'4', '160', 'Forest Grove', 'Portland State University ', 'Yes', '', '', '@Gio_t', 0, 'Na'),
	(583, '2021-09-30', 'tre_vance@yahoo.com', 'Orlando', 'Vance III', '1994-03-24', '503-753-8822', 'D-1 University', 'Yes', 'Yes', 'Center', '6\'8', '290', 'Portland', 'Oral Roberts', 'Yes', '', '', 'Trecash3', 0, 'GBOE'),
	(584, '2021-09-30', 'rhardial21@gmail.com', 'Rowan', 'Hardial Jr', '1988-01-21', '347-757-0354', 'College', 'Yes', 'No', 'Small Forward', '6\'3', '225', 'Queens, NY', 'New York University', 'Yes', '', '', '@bookofrowan', 0, 'OPM');
/*!40000 ALTER TABLE `players` ENABLE KEYS */;

-- Dumping structure for table roundleague.playerstats
CREATE TABLE IF NOT EXISTS `playerstats` (
  `PlayerStatsID` int NOT NULL AUTO_INCREMENT,
  `PlayerID` int DEFAULT NULL,
  `Points` float DEFAULT NULL,
  `Rebounds` float DEFAULT NULL,
  `Assists` float DEFAULT NULL,
  `FGM` int DEFAULT NULL,
  `FGA` int DEFAULT NULL,
  `3FG` int DEFAULT NULL,
  `3FGA` int DEFAULT NULL,
  `FTM` int DEFAULT NULL,
  `FTA` int DEFAULT NULL,
  `Steals` float DEFAULT NULL,
  `Blocks` float DEFAULT NULL,
  `Turnovers` float DEFAULT NULL,
  `Games Played` int DEFAULT NULL,
  `SeasonID` int DEFAULT NULL,
  `DivisionID` int DEFAULT NULL,
  PRIMARY KEY (`PlayerStatsID`),
  UNIQUE KEY `player_season` (`PlayerID`,`SeasonID`)
) ENGINE=InnoDB AUTO_INCREMENT=237 DEFAULT CHARSET=utf8mb4 COLLATE=utf8mb4_unicode_ci COMMENT='Use Trigger on Insert of Player Box Scores to update Player Stats table? If seasonID and playerID found, update current player stats, otherwise create a new record in playerStats';

-- Dumping data for table roundleague.playerstats: ~183 rows (approximately)
/*!40000 ALTER TABLE `playerstats` DISABLE KEYS */;
REPLACE INTO `playerstats` (`PlayerStatsID`, `PlayerID`, `Points`, `Rebounds`, `Assists`, `FGM`, `FGA`, `3FG`, `3FGA`, `FTM`, `FTA`, `Steals`, `Blocks`, `Turnovers`, `Games Played`, `SeasonID`, `DivisionID`) VALUES
	(18, 21, 18.6, 5, 2.6, NULL, NULL, NULL, NULL, 1, 1, NULL, NULL, NULL, 7, 1, NULL),
	(19, 68, 38.2, 14.2, 7.2, NULL, NULL, NULL, NULL, 63, 100, NULL, NULL, NULL, 7, 1, NULL),
	(55, 152, 43, 14, 1, 16, 37, 10, 21, 1, 1, 1, 1, 2, 1, 2, NULL),
	(56, 186, 41, 6, 5.5, 30, 54, 12, 24, 10, 12, 1, 0.5, 2.5, 2, 2, NULL),
	(57, 68, 37.7, 11, 7.6, 98, 180, 37, 92, 31, 40, 2.1, 0.1, 2.7, 7, 2, NULL),
	(58, 254, 33, 15, 8, 11, 27, 8, 22, 3, 4, 6, 0, 2, 1, 2, NULL),
	(59, 140, 33, 7.8, 6.5, 51, 113, 30, 81, 0, 0, 0.8, 0.5, 2.5, 4, 2, NULL),
	(60, 203, 30, 8.5, 4, 20, 36, 5, 14, 15, 16, 2.5, 0.5, 2, 2, 2, NULL),
	(61, 246, 29, 16, 2, 10, 21, 4, 10, 5, 7, 2, 2, 3, 1, 2, NULL),
	(62, 18, 28.8, 5.8, 3.2, 58, 99, 10, 32, 18, 22, 0.8, 0, 0.4, 5, 2, NULL),
	(63, 150, 28.6, 12.8, 6.4, 64, 112, 4, 15, 11, 14, 0.2, 0.2, 1, 5, 2, NULL),
	(64, 247, 28.5, 6.5, 5, 21, 45, 14, 27, 1, 2, 0.5, 0, 1.5, 2, 2, NULL),
	(65, 14, 26.4, 5.4, 4.7, 69, 146, 44, 104, 3, 5, 2.9, 0.1, 0.6, 7, 2, NULL),
	(66, 243, 26, 9.5, 1.5, 19, 39, 7, 19, 7, 9, 1.5, 2, 2, 2, 2, NULL),
	(67, 35, 26, 4, 4, 10, 18, 6, 11, 0, 0, 1, 0, 2, 1, 2, NULL),
	(68, 28, 25.5, 13, 3, 23, 41, 0, 8, 5, 6, 1, 4, 2, 2, 2, NULL),
	(69, 156, 25.3, 14.7, 5.3, 72, 131, 7, 36, 26, 32, 2.9, 3.3, 1.4, 7, 2, NULL),
	(70, 190, 25.2, 5.8, 6, 60, 102, 13, 27, 18, 28, 2, 0.3, 2, 6, 2, NULL),
	(71, 38, 24.5, 9, 1.5, 20, 49, 6, 17, 3, 6, 0, 1.5, 1.5, 2, 2, NULL),
	(72, 244, 23, 8, 0, 10, 25, 1, 9, 2, 5, 3, 2, 0, 1, 2, NULL),
	(73, 137, 23, 7.2, 4, 44, 94, 21, 60, 6, 8, 2, 0, 1.6, 5, 2, NULL),
	(74, 44, 23, 5, 6.5, 18, 39, 6, 14, 4, 6, 2.5, 0, 2.5, 2, 2, NULL),
	(75, 110, 22.2, 6, 0.4, 42, 76, 16, 33, 11, 13, 0.4, 0, 0.4, 5, 2, NULL),
	(76, 20, 22, 10, 2, 9, 17, 0, 4, 4, 4, 1, 6, 0, 1, 2, NULL),
	(77, 109, 22, 5, 6, 8, 18, 3, 11, 3, 5, 3, 0, 3, 1, 2, NULL),
	(78, 0, 21.3, 6.8, 2.3, 28, 64, 19, 49, 10, 15, 0.8, 0, 2.3, 4, NULL, NULL),
	(79, 79, 21.3, 4.3, 3, 54, 85, 8, 11, 12, 16, 2.7, 0, 2.7, 6, 2, NULL),
	(80, 48, 21.1, 5.7, 4.6, 53, 111, 31, 72, 11, 14, 1.4, 0, 1.7, 7, 2, NULL),
	(81, 40, 21, 7, 6, 8, 13, 2, 3, 3, 4, 0, 0, 4, 1, 2, NULL),
	(82, 189, 20.7, 7.1, 4.4, 49, 124, 23, 70, 17, 24, 0.7, 0.7, 1.7, 7, 2, NULL),
	(83, 29, 20, 12, 1.5, 16, 26, 2, 3, 6, 13, 1, 1.5, 1.5, 2, 2, NULL),
	(84, 120, 19.7, 3.2, 1.8, 51, 133, 16, 58, 0, 0, 0.7, 0, 4.2, 6, 2, NULL),
	(85, 105, 19, 8.8, 3.8, 31, 59, 11, 27, 3, 4, 2.3, 0, 2.5, 4, 2, NULL),
	(86, 101, 19, 8.3, 2.7, 22, 53, 6, 20, 7, 13, 0.7, 0.7, 3.7, 3, 2, NULL),
	(87, 23, 19, 5, 1, 7, 13, 0, 4, 5, 5, 1, 0, 3, 1, 2, NULL),
	(88, 122, 19, 3, 3, 7, 17, 3, 6, 2, 4, 2, 0, 0, 1, 2, NULL),
	(89, 125, 18.8, 4.2, 9.7, 43, 125, 14, 49, 12, 23, 2.2, 0, 5.3, 6, 2, NULL),
	(90, 138, 18, 8.2, 6.2, 34, 66, 4, 15, 18, 32, 1.8, 0.4, 2.6, 5, 2, NULL),
	(91, 124, 18, 8, 5, 30, 78, 17, 48, 13, 22, 2.6, 0, 2, 5, 2, NULL),
	(92, 174, 18, 7, 6, 13, 28, 5, 13, 5, 10, 2.5, 0, 2, 2, 2, NULL),
	(93, 126, 18, 4, 0, 7, 11, 3, 6, 1, 1, 1, 1, 2, 1, 2, NULL),
	(94, 21, 17.5, 7.7, 1.8, 43, 79, 3, 7, 16, 23, 0.8, 1.2, 1.2, 6, 2, NULL),
	(95, 119, 17, 13.5, 3.5, 29, 49, 3, 7, 7, 13, 1.3, 3, 3, 4, 2, NULL),
	(96, 175, 17, 5, 3.4, 35, 90, 8, 37, 7, 11, 2.2, 0.2, 1.2, 5, 2, NULL),
	(97, 123, 17, 4, 8, 7, 14, 2, 4, 1, 2, 1, 0, 3, 1, 2, NULL),
	(98, 102, 16.8, 5.5, 5, 38, 78, 25, 56, 0, 0, 0.2, 0, 2.5, 6, 2, NULL),
	(99, 169, 16.3, 9.5, 4.3, 25, 39, 9, 20, 6, 11, 0.3, 1.8, 0.8, 4, 2, NULL),
	(100, 198, 16.2, 5.8, 4.3, 36, 92, 9, 35, 16, 25, 1.3, 0, 3, 6, 2, NULL),
	(101, 158, 16.2, 5.2, 3.2, 34, 65, 9, 31, 4, 7, 2.4, 1.4, 1.4, 5, 2, NULL),
	(102, 182, 16.1, 5.6, 1.3, 49, 107, 11, 43, 4, 6, 1.3, 0.4, 1, 7, 2, NULL),
	(103, 0, 16, 13.3, 1.7, 20, 37, 2, 6, 6, 15, 1, 1.7, 1.7, 3, NULL, NULL),
	(104, 0, 16, 7.5, 1, 15, 27, 2, 7, 0, 1, 0.5, 0.5, 1, 2, NULL, NULL),
	(105, 97, 16, 7, 3.5, 13, 21, 1, 6, 5, 6, 1.5, 0, 3.5, 2, 2, NULL),
	(106, 216, 16, 7, 2, 6, 13, 1, 3, 3, 4, 2, 0, 2, 1, 2, NULL),
	(107, 91, 16, 4.7, 2.3, 22, 37, 4, 12, 18, 21, 1, 0, 1.3, 3, 2, NULL),
	(108, 25, 15.8, 6.4, 2.2, 34, 65, 9, 19, 2, 4, 1.6, 0.2, 1.2, 5, 2, NULL),
	(109, 166, 15.5, 7.5, 4.5, 13, 40, 5, 16, 0, 0, 4, 0.5, 2.5, 2, 2, NULL),
	(110, 160, 15.4, 3, 3.4, 29, 71, 13, 39, 6, 13, 1.4, 0, 1.4, 5, 2, NULL),
	(111, 142, 15.3, 4, 1, 19, 33, 3, 9, 5, 6, 1.3, 0, 1.7, 3, 2, NULL),
	(112, 194, 15.1, 9.9, 2.7, 44, 92, 4, 16, 14, 22, 1.1, 0.1, 3.6, 7, 2, NULL),
	(113, 77, 15.1, 4.3, 0.9, 38, 85, 27, 67, 3, 4, 1, 0.6, 1.3, 7, 2, NULL),
	(114, 106, 15, 10.3, 1.7, 21, 38, 1, 3, 2, 9, 2, 0.3, 2, 3, 2, NULL),
	(115, 17, 15, 3, 1, 10, 17, 8, 12, 2, 3, 0.5, 0, 2, 2, 2, NULL),
	(116, 52, 14.9, 11.7, 2.6, 42, 83, 0, 13, 20, 31, 0.6, 0, 2, 7, 2, NULL),
	(117, 145, 14.9, 6.6, 3, 39, 84, 17, 33, 9, 15, 1.7, 0.3, 3, 7, 2, NULL),
	(118, 104, 14.6, 5.6, 3.2, 27, 96, 13, 59, 6, 12, 4.2, 0.4, 2, 5, 2, NULL),
	(119, 117, 14.5, 15.2, 1.8, 39, 77, 0, 4, 9, 18, 0.7, 1.3, 0.5, 6, 2, NULL),
	(120, 26, 14.5, 4, 5.2, 31, 86, 8, 40, 17, 27, 1.5, 0, 1.2, 6, 2, NULL),
	(121, 85, 14.3, 6.3, 9.3, 33, 77, 15, 45, 5, 18, 2.3, 0.2, 2.2, 6, 2, NULL),
	(122, 222, 14.3, 6, 2, 25, 48, 0, 10, 7, 11, 0.3, 0, 0.5, 4, 2, NULL),
	(123, 12, 14.3, 3.7, 0.7, 34, 73, 23, 50, 9, 11, 0.3, 0, 1.3, 7, 2, NULL),
	(124, 221, 14.1, 5.4, 7.3, 40, 81, 11, 31, 8, 12, 1.3, 0, 1.3, 7, 2, NULL),
	(125, 257, 13.6, 6.4, 2.4, 34, 87, 12, 41, 15, 20, 0.7, 0, 1.7, 7, 2, NULL),
	(126, 275, 13.4, 10.2, 4, 27, 61, 10, 34, 3, 5, 1, 0.2, 2.6, 5, 2, NULL),
	(127, 43, 13.3, 5, 2.3, 16, 44, 4, 20, 4, 9, 2, 2, 0.3, 3, 2, NULL),
	(128, 13, 13, 8.7, 1.8, 28, 88, 15, 56, 7, 13, 0.8, 0.7, 1.3, 6, 2, NULL),
	(129, 133, 13, 8, 0, 5, 17, 2, 7, 1, 2, 1, 1, 2, 1, 2, NULL),
	(130, 184, 12.7, 2.7, 1, 13, 29, 10, 20, 2, 3, 0.7, 0, 2.3, 3, 2, NULL),
	(131, 240, 12.5, 4.8, 2.3, 16, 58, 9, 37, 9, 16, 1, 0, 3.3, 4, 2, NULL),
	(132, 128, 12.5, 4, 1, 11, 34, 3, 12, 0, 0, 0, 0, 1, 2, 2, NULL),
	(133, 55, 12.3, 17.9, 1.7, 42, 105, 1, 16, 1, 4, 1, 0.1, 2, 7, 2, NULL),
	(134, 59, 12.2, 3.6, 1.4, 25, 49, 7, 15, 4, 12, 0.6, 0.4, 1.4, 5, 2, NULL),
	(135, 196, 12, 11, 2.8, 28, 51, 7, 20, 9, 14, 1.2, 1, 1.7, 6, 2, NULL),
	(136, 197, 12, 5.8, 2.5, 17, 42, 9, 28, 5, 8, 0.8, 0, 0.5, 4, 2, NULL),
	(137, 95, 12, 4.5, 1, 8, 22, 3, 9, 5, 5, 0, 0, 1, 2, 2, NULL),
	(138, 82, 12, 3, 1.5, 10, 16, 4, 8, 0, 0, 0, 0.5, 0.5, 2, 2, NULL),
	(139, 0, 12, 2.5, 1, 26, 55, 19, 38, 1, 2, 1, 0.3, 0.2, 6, NULL, NULL),
	(140, 74, 11.9, 9.9, 1, 34, 58, 0, 0, 15, 28, 1, 1.7, 1.7, 7, 2, NULL),
	(141, 9, 11.8, 4.7, 2.2, 30, 73, 7, 22, 4, 9, 1.3, 0, 1.5, 6, 2, NULL),
	(142, 47, 11.8, 1.2, 1, 28, 61, 10, 24, 5, 7, 1, 0, 2.5, 6, 2, NULL),
	(143, 134, 11.6, 7.8, 2.2, 30, 67, 6, 19, 11, 16, 0, 2.7, 1.3, 6, 2, NULL),
	(144, 0, 11.6, 7.4, 2.8, 25, 46, 8, 20, 0, 1, 0.8, 0.4, 0.6, 5, NULL, NULL),
	(145, 98, 11.4, 5.4, 2.2, 22, 46, 4, 13, 9, 14, 0.8, 0, 0.4, 5, 2, NULL),
	(146, 60, 11.3, 12.2, 1, 25, 46, 3, 8, 15, 22, 1.8, 1.7, 0.5, 6, 2, NULL),
	(147, 172, 11.3, 10.5, 1.3, 20, 42, 2, 8, 3, 4, 1.3, 1.8, 1.3, 4, 2, NULL),
	(148, 2, 11.3, 8.9, 2.1, 33, 76, 4, 9, 9, 14, 1.3, 1.1, 1.7, 7, 2, NULL),
	(149, 108, 11.2, 7.2, 2.8, 23, 79, 9, 43, 1, 2, 2, 0.2, 2.6, 5, 2, NULL),
	(150, 33, 11, 5, 0, 9, 22, 4, 11, 0, 0, 1, 0, 2, 2, 2, NULL),
	(151, 57, 11, 3.5, 1.5, 9, 24, 3, 12, 1, 2, 0, 1.5, 0, 2, 2, NULL),
	(152, 107, 10.8, 7.8, 1.3, 18, 29, 0, 2, 7, 10, 0.8, 0.3, 1.5, 4, 2, NULL),
	(153, 0, 10.8, 5.8, 1, 16, 55, 9, 36, 2, 3, 0.5, 0.5, 1.8, 4, NULL, NULL),
	(154, 75, 10.7, 3.2, 5.3, 23, 50, 10, 27, 8, 12, 0.7, 0, 1.5, 6, 2, NULL),
	(155, 49, 10.6, 5.4, 4.2, 19, 58, 15, 35, 0, 0, 0.8, 0.2, 3, 5, 2, NULL),
	(156, 39, 10.5, 8, 1.5, 9, 16, 1, 1, 2, 7, 1, 1, 3.5, 2, 2, NULL),
	(157, 46, 10.5, 4.5, 3.2, 23, 81, 12, 53, 4, 6, 0.7, 0, 1.8, 6, 2, NULL),
	(158, 0, 10.3, 4.3, 1, 13, 32, 5, 17, 0, 0, 1, 0.3, 1.7, 3, NULL, NULL),
	(159, 94, 10.1, 5.9, 2.7, 30, 57, 5, 14, 6, 8, 1.4, 0.3, 2.1, 7, 2, NULL),
	(160, 113, 10, 8.2, 2.4, 24, 28, 0, 0, 2, 10, 1.8, 1, 1.4, 5, 2, NULL),
	(161, 0, 10, 7, 0, 5, 9, 0, 0, 0, 0, 1, 0, 0, 1, NULL, NULL),
	(162, 65, 10, 6, 2, 4, 10, 2, 3, 0, 0, 0, 0, 0, 1, 2, NULL),
	(163, 30, 10, 5.7, 2.7, 24, 62, 10, 39, 2, 5, 0.7, 0.2, 0.8, 6, 2, NULL),
	(164, 141, 10, 3, 0.3, 11, 43, 8, 35, 0, 0, 0.3, 0, 2.3, 3, 2, NULL),
	(165, 111, 9.6, 2.8, 4.4, 17, 52, 8, 28, 6, 7, 2.2, 0.2, 1.4, 5, 2, NULL),
	(166, 121, 9.5, 6.5, 1, 9, 10, 0, 0, 1, 7, 0, 0.5, 0.5, 2, 2, NULL),
	(167, 61, 9.3, 5.8, 1.7, 19, 43, 6, 20, 12, 14, 0.5, 0, 1.2, 6, 2, NULL),
	(168, 87, 9.3, 4, 4.8, 16, 35, 5, 20, 0, 3, 2.3, 0.8, 0.8, 4, 2, NULL),
	(169, 93, 9.2, 4.8, 2.5, 20, 48, 9, 24, 6, 9, 1.2, 0, 1.5, 6, 2, NULL),
	(170, 220, 9.2, 2.2, 1.8, 22, 55, 11, 37, 0, 0, 0, 0, 1, 6, 2, NULL),
	(171, 72, 9, 16.1, 0.6, 25, 115, 3, 34, 10, 15, 0.3, 0, 3.3, 7, 2, NULL),
	(172, 73, 9, 6, 2, 8, 22, 2, 9, 0, 1, 1.5, 0, 1, 2, 2, NULL),
	(173, 64, 9, 5.5, 0.5, 8, 20, 2, 6, 0, 1, 1, 0, 1.5, 2, 2, NULL),
	(174, 274, 9, 2.7, 2, 10, 28, 7, 24, 0, 1, 1.3, 0, 2.3, 3, 2, NULL),
	(175, 0, 8.9, 5, 6.9, 21, 73, 16, 59, 4, 6, 0.3, 0.3, 2.4, 7, NULL, NULL),
	(176, 130, 8.8, 4, 5.8, 13, 38, 2, 14, 7, 12, 0.3, 0.3, 3.3, 4, 2, NULL),
	(177, 96, 8.7, 4, 3, 14, 39, 7, 20, 3, 4, 1.5, 0, 0.3, 4, 2, NULL),
	(178, 0, 8.5, 7, 0, 7, 24, 2, 8, 1, 3, 1.5, 1, 1.5, 2, NULL, NULL),
	(179, 99, 8.5, 5, 3.5, 7, 18, 3, 9, 0, 0, 0, 0, 0.5, 2, 2, NULL),
	(180, 50, 8.5, 2, 1.7, 18, 46, 15, 37, 0, 0, 0.8, 0.3, 0.3, 6, 2, NULL),
	(181, 92, 8.3, 5.1, 1.6, 23, 56, 11, 33, 1, 4, 0.7, 0.1, 0.9, 7, 2, NULL),
	(182, 0, 8.3, 3.8, 1, 22, 58, 4, 19, 2, 4, 0.7, 0.2, 1.7, 6, NULL, NULL),
	(183, 3, 8.2, 3.7, 2.3, 18, 70, 13, 52, 0, 2, 0.7, 0, 2.2, 6, 2, NULL),
	(184, 114, 8.1, 1.6, 1.7, 23, 36, 10, 15, 1, 3, 0.1, 0, 0.7, 7, 2, NULL),
	(185, 31, 8, 10, 1, 3, 11, 2, 8, 0, 0, 0, 0, 1, 1, 2, NULL),
	(186, 56, 8, 3.7, 2.2, 20, 38, 5, 13, 3, 8, 1.2, 1, 0.8, 6, 2, NULL),
	(187, 81, 8, 1, 2, 3, 6, 0, 1, 2, 3, 0, 0, 1, 1, 2, NULL),
	(188, 0, 7.8, 7.4, 2, 18, 43, 0, 3, 3, 11, 0.2, 0, 0.4, 5, NULL, NULL),
	(189, 0, 7.8, 5.3, 2.8, 15, 32, 1, 7, 0, 1, 1.8, 0, 2.8, 4, NULL, NULL),
	(190, 27, 7.8, 5, 1.6, 26, 63, 0, 13, 1, 5, 1, 0.1, 0.1, 7, 2, NULL),
	(191, 132, 7.8, 3, 2, 13, 29, 3, 6, 2, 4, 0.5, 0, 0.5, 4, 2, NULL),
	(192, 7, 7.8, 1.6, 1, 15, 34, 7, 19, 2, 2, 0.6, 0, 1.4, 5, 2, NULL),
	(193, 129, 7.3, 4.8, 3.8, 11, 32, 7, 27, 0, 0, 1.3, 0.8, 0.3, 4, 2, NULL),
	(194, 36, 7.3, 3.9, 3.9, 19, 55, 6, 26, 7, 11, 0.7, 0, 2, 7, 2, NULL),
	(195, 63, 7.2, 2.8, 2, 19, 51, 3, 15, 2, 9, 0.3, 0, 2.2, 6, 2, NULL),
	(196, 42, 7.2, 2.3, 1.7, 16, 46, 11, 36, 0, 0, 0.8, 0, 1.3, 6, 2, NULL),
	(197, 217, 7, 6, 2.2, 17, 44, 0, 0, 1, 5, 0.8, 1, 1.8, 5, 2, NULL),
	(198, 0, 7, 5, 3, 9, 19, 2, 6, 1, 2, 5, 0, 1.7, 3, NULL, NULL),
	(199, 62, 7, 2, 2.7, 16, 51, 8, 32, 2, 4, 1, 0, 1.8, 6, 2, NULL),
	(200, 24, 7, 2, 1, 3, 4, 0, 1, 1, 2, 0, 0, 0, 1, 2, NULL),
	(201, 19, 6.5, 5.8, 1, 9, 37, 3, 17, 5, 6, 0.8, 0.3, 0.8, 4, 2, NULL),
	(202, 76, 6.5, 2.5, 1, 6, 9, 1, 2, 0, 0, 0, 0, 0.5, 2, 2, NULL),
	(203, 178, 6.4, 6.4, 3, 20, 42, 1, 9, 4, 11, 0.1, 0.1, 0.1, 7, 2, NULL),
	(204, 4, 6.4, 2.2, 1.2, 13, 39, 6, 23, 0, 0, 0.8, 0, 0.6, 5, 2, NULL),
	(205, 185, 6.2, 7.5, 1.3, 14, 65, 1, 11, 8, 12, 0.8, 1, 2.8, 6, 2, NULL),
	(206, 54, 6, 8.5, 0.5, 6, 12, 0, 2, 0, 1, 0.5, 0, 0.5, 2, 2, NULL),
	(207, 84, 6, 7, 1.5, 3, 17, 1, 7, 5, 8, 2, 0.5, 5, 2, 2, NULL),
	(208, 195, 6, 6.8, 1, 10, 34, 3, 17, 1, 3, 0, 0.3, 0.5, 4, 2, NULL),
	(209, 256, 6, 6, 1, 5, 14, 1, 2, 1, 7, 2, 0.5, 1.5, 2, 2, NULL),
	(211, 70, 5.8, 3.2, 0.6, 13, 30, 3, 9, 0, 0, 0.6, 0.2, 0.6, 5, 2, NULL),
	(212, 116, 5.7, 7, 2.8, 13, 45, 6, 27, 2, 4, 2.7, 0.2, 3.2, 6, 2, NULL),
	(213, 22, 5.5, 4, 1.5, 4, 9, 2, 7, 1, 1, 1, 0, 0, 2, 2, NULL),
	(214, 0, 5.3, 5, 1.5, 10, 31, 0, 9, 1, 4, 0.8, 0.8, 0.5, 4, NULL, NULL),
	(215, 15, 5, 3, 1.5, 3, 11, 1, 5, 3, 4, 0.5, 0, 2.5, 2, 2, NULL),
	(216, 45, 5, 3, 1, 1, 5, 0, 2, 3, 3, 0, 0, 1, 1, 2, NULL),
	(217, 219, 4.7, 2.7, 0.9, 13, 46, 1, 16, 6, 12, 0.4, 0.3, 0.1, 7, 2, NULL),
	(218, 69, 4.6, 2.6, 0.4, 9, 29, 3, 18, 2, 4, 0.6, 0.2, 1, 5, 2, NULL),
	(219, 103, 4.3, 1.3, 1.2, 12, 37, 2, 17, 0, 1, 0.3, 0, 1.3, 6, 2, NULL),
	(220, 118, 4, 9, 1, 2, 3, 0, 0, 0, 7, 1, 1, 1, 1, 2, NULL),
	(221, 143, 4, 7, 0.3, 6, 15, 0, 2, 0, 1, 0.3, 0, 0.3, 3, 2, NULL),
	(222, 146, 4, 6, 2.5, 4, 9, 0, 0, 0, 1, 1.5, 1, 0.5, 2, 2, NULL),
	(223, 86, 4, 4.9, 2.4, 11, 32, 6, 20, 0, 0, 0.6, 0, 0.9, 7, 2, NULL),
	(224, 183, 4, 3, 0, 4, 9, 0, 0, 0, 2, 0.5, 0, 1, 2, 2, NULL),
	(225, 139, 4, 1.5, 1, 3, 10, 2, 7, 0, 0, 0.5, 0, 1, 2, 2, NULL),
	(226, 153, 4, 1, 1, 2, 6, 0, 2, 0, 0, 0, 0, 0, 1, 2, NULL),
	(227, 187, 3.7, 2.6, 0.7, 11, 30, 3, 14, 1, 3, 0.6, 0, 1.6, 7, 2, NULL),
	(228, 179, 3.5, 5.3, 1, 9, 25, 3, 10, 0, 1, 0.5, 0, 0.5, 6, 2, NULL),
	(229, 71, 3.3, 1.3, 0.7, 7, 29, 6, 26, 0, 0, 0.3, 0, 1.3, 6, 2, NULL),
	(230, 151, 3, 7, 0, 1, 5, 0, 1, 1, 2, 0, 0, 2, 1, 2, NULL),
	(231, 53, 3, 4.5, 0, 2, 13, 1, 5, 1, 2, 0, 0.5, 1, 2, 2, NULL),
	(232, 58, 3, 2, 2, 1, 4, 1, 4, 0, 0, 1, 0, 5, 1, 2, NULL),
	(233, 83, 3, 0.6, 0.3, 8, 31, 5, 28, 0, 0, 0, 0.1, 0.3, 7, 2, NULL),
	(234, 131, 2.8, 4.8, 0.8, 6, 16, 2, 9, 0, 0, 0.2, 1.2, 0.8, 5, 2, NULL),
	(235, 201, 2.8, 2.4, 2, 6, 19, 2, 7, 0, 0, 0.6, 0.2, 2.4, 5, 2, NULL),
	(236, 214, 2.7, 3.7, 0.7, 4, 12, 0, 0, 0, 2, 0.3, 0, 0.7, 3, 2, NULL);
/*!40000 ALTER TABLE `playerstats` ENABLE KEYS */;

-- Dumping structure for table roundleague.roster
CREATE TABLE IF NOT EXISTS `roster` (
  `RosterID` int NOT NULL AUTO_INCREMENT,
  `PlayerID` int NOT NULL,
  `TeamID` int DEFAULT NULL,
  `SeasonID` int NOT NULL,
  `DivisionID` int DEFAULT NULL,
  `Jersey` int DEFAULT NULL,
  PRIMARY KEY (`RosterID`),
  UNIQUE KEY `player_team_season` (`PlayerID`,`TeamID`,`SeasonID`)
) ENGINE=InnoDB AUTO_INCREMENT=680 DEFAULT CHARSET=utf8mb4 COLLATE=utf8mb4_unicode_ci COMMENT='This table keeps track of who played on what team what year. Players can be in this table multiple times.';

-- Dumping data for table roundleague.roster: ~289 rows (approximately)
/*!40000 ALTER TABLE `roster` DISABLE KEYS */;
REPLACE INTO `roster` (`RosterID`, `PlayerID`, `TeamID`, `SeasonID`, `DivisionID`, `Jersey`) VALUES
	(2, 79, 3, 2, 1, NULL),
	(3, 84, 3, 2, 1, NULL),
	(4, 92, 3, 2, 1, NULL),
	(5, 93, 3, 2, 1, NULL),
	(6, 94, 3, 2, 1, NULL),
	(7, 95, 3, 2, 1, NULL),
	(8, 96, 3, 2, 1, NULL),
	(9, 143, 3, 2, 1, NULL),
	(10, 202, 3, 2, 1, NULL),
	(11, 246, 3, 2, 1, NULL),
	(17, 21, 1, 2, 1, NULL),
	(18, 116, 1, 2, 1, NULL),
	(19, 117, 1, 2, 1, NULL),
	(20, 195, 1, 2, 1, NULL),
	(21, 196, 1, 2, 1, NULL),
	(22, 197, 1, 2, 1, NULL),
	(23, 198, 1, 2, 1, NULL),
	(24, 114, 1, 2, 1, NULL),
	(25, 64, 8, 2, 1, NULL),
	(26, 65, 8, 2, 1, NULL),
	(27, 68, 8, 2, 1, NULL),
	(28, 69, 8, 2, 1, NULL),
	(29, 73, 8, 2, 1, NULL),
	(30, 74, 8, 2, 1, NULL),
	(31, 77, 8, 2, 1, NULL),
	(32, 86, 9, 2, 1, NULL),
	(33, 87, 9, 2, 1, NULL),
	(34, 97, 9, 2, 1, NULL),
	(35, 98, 9, 2, 1, NULL),
	(36, 110, 9, 2, 1, NULL),
	(37, 142, 9, 2, 1, NULL),
	(38, 194, 9, 2, 1, NULL),
	(39, 2, 4, 2, 1, NULL),
	(40, 3, 4, 2, 1, NULL),
	(41, 4, 4, 2, 1, NULL),
	(42, 9, 4, 2, 1, NULL),
	(43, 24, 4, 2, 1, NULL),
	(44, 125, 4, 2, 1, NULL),
	(46, 45, 6, 2, 1, NULL),
	(47, 46, 6, 2, 1, NULL),
	(48, 47, 6, 2, 1, NULL),
	(49, 51, 6, 2, 1, NULL),
	(50, 91, 6, 2, 1, NULL),
	(51, 102, 6, 2, 1, NULL),
	(52, 107, 6, 2, 1, NULL),
	(53, 126, 6, 2, 1, NULL),
	(68, 15, 12, 2, 1, NULL),
	(69, 17, 12, 2, 1, NULL),
	(70, 19, 12, 2, 1, NULL),
	(71, 52, 12, 2, 1, NULL),
	(72, 138, 12, 2, 1, NULL),
	(75, 23, 16, 2, 2, NULL),
	(76, 42, 16, 2, 2, NULL),
	(77, 50, 16, 2, 2, NULL),
	(78, 76, 16, 2, 2, NULL),
	(79, 81, 16, 2, 2, NULL),
	(80, 101, 16, 2, 2, NULL),
	(81, 189, 16, 2, 2, NULL),
	(82, 30, 13, 2, 2, NULL),
	(83, 31, 13, 2, 2, NULL),
	(85, 48, 13, 2, 2, NULL),
	(86, 108, 13, 2, 2, NULL),
	(87, 131, 13, 2, 2, NULL),
	(88, 216, 13, 2, 2, NULL),
	(89, 274, 13, 2, 2, NULL),
	(97, 25, 15, 2, 2, NULL),
	(98, 27, 15, 2, 2, NULL),
	(99, 29, 15, 2, 2, NULL),
	(100, 36, 15, 2, 2, NULL),
	(101, 57, 15, 2, 2, NULL),
	(102, 62, 15, 2, 2, NULL),
	(103, 99, 15, 2, 2, NULL),
	(104, 103, 15, 2, 2, NULL),
	(112, 54, 10, 2, 2, NULL),
	(113, 55, 10, 2, 2, NULL),
	(114, 56, 10, 2, 2, NULL),
	(115, 57, 10, 2, 2, NULL),
	(116, 58, 10, 2, 2, NULL),
	(117, 59, 10, 2, 2, NULL),
	(118, 61, 10, 2, 2, NULL),
	(119, 113, 10, 2, 2, NULL),
	(120, 123, 10, 2, 2, NULL),
	(121, 124, 10, 2, 2, NULL),
	(127, 7, 14, 2, 2, NULL),
	(128, 49, 14, 2, 2, NULL),
	(129, 172, 14, 2, 2, NULL),
	(130, 173, 14, 2, 2, NULL),
	(131, 175, 14, 2, 2, NULL),
	(132, 177, 14, 2, 2, NULL),
	(133, 183, 14, 2, 2, NULL),
	(134, 33, 11, 2, 2, NULL),
	(135, 35, 11, 2, 2, NULL),
	(136, 53, 11, 2, 2, NULL),
	(137, 75, 11, 2, 2, NULL),
	(138, 109, 11, 2, 2, NULL),
	(139, 118, 11, 2, 2, NULL),
	(140, 127, 11, 2, 2, NULL),
	(141, 40, 5, 2, 2, NULL),
	(142, 43, 5, 2, 2, NULL),
	(143, 60, 5, 2, 2, NULL),
	(144, 105, 5, 2, 2, NULL),
	(145, 111, 5, 2, 2, NULL),
	(146, 141, 5, 2, 2, NULL),
	(148, 13, 2, 2, 2, NULL),
	(149, 18, 2, 2, 2, NULL),
	(150, 20, 2, 2, 2, NULL),
	(151, 66, 2, 2, 2, NULL),
	(152, 70, 2, 2, 2, NULL),
	(153, 71, 2, 2, 2, NULL),
	(154, 72, 2, 2, 2, NULL),
	(155, 82, 2, 2, 2, NULL),
	(156, 106, 2, 2, 2, NULL),
	(157, 146, 2, 2, 2, NULL),
	(163, 186, 13, 2, 1, NULL),
	(164, 38, 7, 2, 2, NULL),
	(165, 44, 7, 2, 2, NULL),
	(166, 85, 7, 2, 2, NULL),
	(167, 140, 7, 2, 2, NULL),
	(168, 150, 7, 2, 2, NULL),
	(169, 156, 7, 2, 2, NULL),
	(170, 184, 7, 2, 2, NULL),
	(172, 218, 7, 2, 2, NULL),
	(173, 220, 7, 2, 2, NULL),
	(179, 203, 15, 2, 2, NULL),
	(185, 254, 14, 2, 2, NULL),
	(516, 411, 8, 3, 4, NULL),
	(517, 412, 36, 3, 3, NULL),
	(518, 413, 39, 3, 3, NULL),
	(519, 414, 36, 3, 3, NULL),
	(520, 416, 33, 3, 5, NULL),
	(521, 417, 4, 3, 5, NULL),
	(522, 419, 32, 3, 5, NULL),
	(523, 420, 14, 3, 5, NULL),
	(524, 422, 28, 3, 6, NULL),
	(525, 423, 39, 3, 3, NULL),
	(526, 424, 40, 3, 3, NULL),
	(527, 425, 29, 3, 6, NULL),
	(528, 426, NULL, 3, NULL, NULL),
	(529, 427, 7, 3, 6, NULL),
	(530, 428, 34, 3, 5, NULL),
	(531, 429, 40, 3, 3, NULL),
	(532, 430, 26, 3, 6, NULL),
	(533, 431, NULL, 3, NULL, NULL),
	(534, 432, 29, 3, 6, NULL),
	(535, 434, 21, 3, 4, NULL),
	(536, 435, 38, 3, 3, NULL),
	(537, 436, NULL, 3, NULL, NULL),
	(538, 437, 35, 3, 3, NULL),
	(539, 438, NULL, 3, NULL, NULL),
	(540, 439, NULL, 3, NULL, NULL),
	(541, 440, NULL, 3, NULL, NULL),
	(542, 441, 29, 3, 6, NULL),
	(543, 442, 3, 3, 3, NULL),
	(544, 443, 22, 3, 4, NULL),
	(545, 444, 39, 3, 3, NULL),
	(546, 445, 9, 3, 5, NULL),
	(547, 446, 31, 3, 5, NULL),
	(548, 447, 28, 3, 6, NULL),
	(549, 448, 29, 3, 6, NULL),
	(550, 449, NULL, 3, NULL, NULL),
	(551, 450, 38, 3, 3, NULL),
	(552, 451, 40, 3, 3, NULL),
	(553, 452, NULL, 3, NULL, NULL),
	(554, 453, 38, 3, 3, NULL),
	(555, 454, 24, 3, 4, NULL),
	(556, 455, 25, 3, 6, NULL),
	(557, 456, 36, 3, 3, NULL),
	(558, 457, NULL, 3, NULL, NULL),
	(559, 459, NULL, 3, NULL, NULL),
	(560, 460, 21, 3, 4, NULL),
	(561, 461, 38, 3, 3, NULL),
	(562, 462, 37, 3, 3, NULL),
	(563, 463, 24, 3, 4, NULL),
	(564, 464, 29, 3, 6, NULL),
	(565, 465, 21, 3, 4, NULL),
	(566, 466, 37, 3, 3, NULL),
	(567, 467, 39, 3, 3, NULL),
	(568, 468, NULL, 3, NULL, NULL),
	(569, 469, 33, 3, 5, NULL),
	(570, 470, 39, 3, 3, NULL),
	(571, 471, 40, 3, 3, NULL),
	(572, 472, NULL, 3, NULL, NULL),
	(573, 473, 23, 3, 4, NULL),
	(574, 474, 39, 3, 3, NULL),
	(575, 475, 31, 3, 5, NULL),
	(576, 476, 22, 3, 4, NULL),
	(577, 477, 25, 3, 6, NULL),
	(578, 478, 12, 3, 3, NULL),
	(579, 479, 37, 3, 3, NULL),
	(580, 480, 28, 3, 6, NULL),
	(581, 481, 7, 3, 6, NULL),
	(582, 482, 34, 3, 5, NULL),
	(583, 483, 34, 3, 5, NULL),
	(584, 484, 28, 3, 6, NULL),
	(585, 486, 33, 3, 5, NULL),
	(586, 487, 39, 3, 3, NULL),
	(587, 488, 29, 3, 6, NULL),
	(588, 490, 23, 3, 4, NULL),
	(589, 491, 22, 3, 4, NULL),
	(590, 492, NULL, 3, NULL, NULL),
	(591, 493, 7, 3, 6, NULL),
	(592, 494, 12, 3, 3, NULL),
	(593, 495, 21, 3, 4, NULL),
	(594, 496, 21, 3, 4, NULL),
	(595, 497, 22, 3, 4, NULL),
	(596, 498, 37, 3, 3, NULL),
	(597, 499, 22, 3, 4, NULL),
	(598, 500, 39, 3, 3, NULL),
	(599, 501, NULL, 3, NULL, NULL),
	(600, 502, 39, 3, 3, NULL),
	(601, 503, NULL, 3, NULL, NULL),
	(602, 504, 2, 3, 4, NULL),
	(603, 505, 33, 3, 5, NULL),
	(604, 506, NULL, 3, NULL, NULL),
	(605, 507, 34, 3, 5, NULL),
	(606, 508, 40, 3, 3, NULL),
	(607, 509, NULL, 3, NULL, NULL),
	(608, 510, 38, 3, 3, NULL),
	(609, 511, 31, 3, 5, NULL),
	(610, 512, 28, 3, 6, NULL),
	(611, 513, 14, 3, 5, NULL),
	(612, 514, 1, 3, 4, NULL),
	(613, 515, 7, 3, 6, NULL),
	(614, 516, 21, 3, 4, NULL),
	(615, 517, 30, 3, 5, NULL),
	(616, 518, 32, 3, 5, NULL),
	(617, 519, 32, 3, 5, NULL),
	(618, 520, 38, 3, 3, NULL),
	(619, 521, NULL, 3, NULL, NULL),
	(620, 522, NULL, 3, NULL, NULL),
	(621, 523, 33, 3, 5, NULL),
	(622, 524, 33, 3, 5, NULL),
	(623, 525, 7, 3, 6, NULL),
	(624, 526, NULL, 3, NULL, NULL),
	(625, 527, 1, 3, 4, NULL),
	(626, 528, 25, 3, 6, NULL),
	(627, 529, NULL, 3, NULL, NULL),
	(628, 530, 28, 3, 6, NULL),
	(629, 531, 23, 3, 4, NULL),
	(630, 532, NULL, 3, NULL, NULL),
	(631, 533, 9, 3, 5, NULL),
	(632, 534, 33, 3, 5, NULL),
	(633, 535, 12, 3, 3, NULL),
	(634, 536, 1, 3, 4, NULL),
	(635, 537, 34, 3, 5, NULL),
	(636, 538, 28, 3, 6, NULL),
	(637, 539, 29, 3, 6, NULL),
	(638, 540, 24, 3, 4, NULL),
	(639, 541, 22, 3, 4, NULL),
	(640, 542, 7, 3, 6, NULL),
	(641, 543, 9, 3, 5, NULL),
	(642, 544, 38, 3, 3, NULL),
	(643, 545, 28, 3, 6, NULL),
	(644, 546, 12, 3, 3, NULL),
	(645, 547, 12, 3, 3, NULL),
	(646, 548, NULL, 3, NULL, NULL),
	(647, 550, 29, 3, 6, NULL),
	(648, 551, 37, 3, 3, NULL),
	(649, 552, 24, 3, 4, NULL),
	(650, 553, NULL, 3, NULL, NULL),
	(651, 554, 37, 3, 3, NULL),
	(652, 555, 37, 3, 3, NULL),
	(653, 556, 38, 3, 3, NULL),
	(654, 557, NULL, 3, NULL, NULL),
	(655, 558, 36, 3, 3, NULL),
	(656, 559, NULL, 3, NULL, NULL),
	(657, 560, 12, 3, 3, NULL),
	(658, 561, NULL, 3, NULL, NULL),
	(659, 562, 40, 3, 3, NULL),
	(660, 563, 40, 3, 3, NULL),
	(661, 564, 33, 3, 5, NULL),
	(662, 565, 39, 3, 3, NULL),
	(663, 566, 38, 3, 3, NULL),
	(664, 567, 24, 3, 4, NULL),
	(665, 568, 31, 3, 5, NULL),
	(666, 569, 34, 3, 5, NULL),
	(667, 570, 12, 3, 3, NULL),
	(668, 571, 28, 3, 6, NULL),
	(669, 572, 37, 3, 3, NULL),
	(670, 573, 21, 3, 4, NULL),
	(671, 574, 28, 3, 6, NULL),
	(672, 575, NULL, 3, NULL, NULL),
	(673, 577, NULL, 3, NULL, NULL),
	(674, 578, 22, 3, 4, NULL),
	(675, 579, NULL, 3, NULL, NULL),
	(676, 580, 22, 3, 4, NULL),
	(677, 581, 12, 3, 3, NULL),
	(678, 583, 34, 3, 5, NULL),
	(679, 584, 12, 3, 3, NULL);
/*!40000 ALTER TABLE `roster` ENABLE KEYS */;

-- Dumping structure for table roundleague.schedule
CREATE TABLE IF NOT EXISTS `schedule` (
  `ScheduleID` int NOT NULL AUTO_INCREMENT,
  `HomeTeamID` int DEFAULT NULL,
  `AwayTeamID` int DEFAULT NULL,
  `Week` int DEFAULT NULL,
  `StartTime` time DEFAULT NULL,
  `Date` date DEFAULT NULL,
  `DivisionID` int DEFAULT NULL,
  `SeasonID` int DEFAULT NULL,
  `HomeBoxScoreLink` varchar(1000) CHARACTER SET utf8mb4 COLLATE utf8mb4_unicode_ci DEFAULT NULL,
  `AwayBoxScoreLink` varchar(1000) DEFAULT NULL,
  `HomeScore` int DEFAULT NULL,
  `AwayScore` int DEFAULT NULL,
  PRIMARY KEY (`ScheduleID`)
) ENGINE=InnoDB AUTO_INCREMENT=118 DEFAULT CHARSET=utf8mb4 COLLATE=utf8mb4_unicode_ci COMMENT='Do I want to use this table to know if a team played in a certain season? Instead of creating table "Team_Seasons"\r\n\r\nHome and Away Box Scores Columns are used for wix iframe';

-- Dumping data for table roundleague.schedule: ~108 rows (approximately)
/*!40000 ALTER TABLE `schedule` DISABLE KEYS */;
REPLACE INTO `schedule` (`ScheduleID`, `HomeTeamID`, `AwayTeamID`, `Week`, `StartTime`, `Date`, `DivisionID`, `SeasonID`, `HomeBoxScoreLink`, `AwayBoxScoreLink`, `HomeScore`, `AwayScore`) VALUES
	(1, 1, 8, 1, '12:00:00', '2021-10-02', 4, 3, NULL, NULL, NULL, NULL),
	(2, 2, 22, 1, '13:00:00', '2021-10-02', 4, 3, NULL, NULL, NULL, NULL),
	(3, 20, 24, 1, '14:00:00', '2021-10-02', 4, 3, NULL, NULL, NULL, NULL),
	(4, 21, 23, 1, '15:00:00', '2021-10-02', 4, 3, NULL, NULL, NULL, NULL),
	(6, 1, 2, 2, '12:00:00', '2021-10-09', 4, 3, NULL, NULL, NULL, NULL),
	(7, 8, 22, 2, '13:00:00', '2021-10-09', 4, 3, NULL, NULL, NULL, NULL),
	(8, 20, 21, 2, '14:00:00', '2021-10-09', 4, 3, NULL, NULL, NULL, NULL),
	(9, 24, 23, 2, '15:00:00', '2021-10-09', 4, 3, NULL, NULL, NULL, NULL),
	(10, 1, 22, 3, '12:00:00', '2021-10-16', 4, 3, NULL, NULL, NULL, NULL),
	(11, 8, 2, 3, '13:00:00', '2021-10-16', 4, 3, NULL, NULL, NULL, NULL),
	(12, 20, 23, 3, '14:00:00', '2021-10-16', 4, 3, NULL, NULL, NULL, NULL),
	(13, 24, 21, 3, '15:00:00', '2021-10-16', 4, 3, NULL, NULL, NULL, NULL),
	(14, 1, 20, 4, '12:00:00', '2021-10-23', 4, 3, NULL, NULL, NULL, NULL),
	(15, 8, 24, 4, '13:00:00', '2021-10-23', 4, 3, NULL, NULL, NULL, NULL),
	(16, 2, 21, 4, '14:00:00', '2021-10-23', 4, 3, NULL, NULL, NULL, NULL),
	(17, 22, 23, 4, '15:00:00', '2021-10-23', 4, 3, NULL, NULL, NULL, NULL),
	(18, 1, 24, 5, '12:00:00', '2021-10-30', 4, 3, NULL, NULL, NULL, NULL),
	(19, 8, 20, 5, '13:00:00', '2021-10-30', 4, 3, NULL, NULL, NULL, NULL),
	(20, 2, 23, 5, '14:00:00', '2021-10-30', 4, 3, NULL, NULL, NULL, NULL),
	(21, 22, 21, 5, '15:00:00', '2021-10-30', 4, 3, NULL, NULL, NULL, NULL),
	(22, 15, 10, 1, '17:00:00', '2021-10-02', 6, 3, NULL, NULL, NULL, NULL),
	(23, 7, 25, 1, '18:00:00', '2021-10-02', 6, 3, NULL, NULL, NULL, NULL),
	(24, 26, 27, 1, '19:00:00', '2021-10-02', 6, 3, NULL, NULL, NULL, NULL),
	(25, 28, 29, 1, '20:00:00', '2021-10-02', 6, 3, NULL, NULL, NULL, NULL),
	(26, 1, 21, 6, '12:00:00', '2021-11-06', 4, 3, NULL, NULL, NULL, NULL),
	(27, 8, 23, 6, '13:00:00', '2021-11-06', 4, 3, NULL, NULL, NULL, NULL),
	(28, 2, 20, 6, '14:00:00', '2021-11-06', 4, 3, NULL, NULL, NULL, NULL),
	(29, 22, 24, 6, '15:00:00', '2021-11-06', 4, 3, NULL, NULL, NULL, NULL),
	(30, 1, 23, 7, '12:00:00', '2021-11-13', 4, 3, NULL, NULL, NULL, NULL),
	(31, 8, 21, 7, '13:00:00', '2021-11-13', 4, 3, NULL, NULL, NULL, NULL),
	(32, 2, 24, 7, '14:00:00', '2021-11-13', 4, 3, NULL, NULL, NULL, NULL),
	(33, 22, 20, 7, '15:00:00', '2021-11-13', 4, 3, NULL, NULL, NULL, NULL),
	(34, 15, 28, 2, '17:00:00', '2021-10-09', 6, 3, NULL, NULL, NULL, NULL),
	(35, 27, 25, 2, '18:00:00', '2021-10-09', 6, 3, NULL, NULL, NULL, NULL),
	(36, 26, 7, 2, '19:00:00', '2021-10-09', 6, 3, NULL, NULL, NULL, NULL),
	(37, 10, 29, 2, '20:00:00', '2021-10-09', 6, 3, NULL, NULL, NULL, NULL),
	(38, 10, 28, 3, '17:00:00', '2021-10-16', 6, 3, NULL, NULL, NULL, NULL),
	(39, 7, 27, 3, '18:00:00', '2021-10-16', 6, 3, NULL, NULL, NULL, NULL),
	(40, 26, 25, 3, '19:00:00', '2021-10-16', 6, 3, NULL, NULL, NULL, NULL),
	(41, 15, 29, 3, '20:00:00', '2021-10-16', 6, 3, NULL, NULL, NULL, NULL),
	(42, 15, 26, 4, '17:00:00', '2021-10-23', 6, 3, NULL, NULL, NULL, NULL),
	(43, 10, 27, 4, '18:00:00', '2021-10-23', 6, 3, NULL, NULL, NULL, NULL),
	(44, 28, 7, 4, '19:00:00', '2021-10-23', 6, 3, NULL, NULL, NULL, NULL),
	(45, 29, 25, 4, '20:00:00', '2021-10-23', 6, 3, NULL, NULL, NULL, NULL),
	(46, 15, 27, 5, '17:00:00', '2021-10-30', 6, 3, NULL, NULL, NULL, NULL),
	(47, 10, 26, 5, '18:00:00', '2021-10-30', 6, 3, NULL, NULL, NULL, NULL),
	(48, 28, 25, 5, '19:00:00', '2021-10-30', 6, 3, NULL, NULL, NULL, NULL),
	(49, 29, 7, 5, '20:00:00', '2021-10-30', 6, 3, NULL, NULL, NULL, NULL),
	(50, 15, 7, 6, '17:00:00', '2021-11-06', 6, 3, NULL, NULL, NULL, NULL),
	(51, 10, 25, 6, '18:00:00', '2021-11-06', 6, 3, NULL, NULL, NULL, NULL),
	(52, 28, 26, 6, '19:00:00', '2021-11-06', 6, 3, NULL, NULL, NULL, NULL),
	(53, 29, 27, 6, '20:00:00', '2021-11-06', 6, 3, NULL, NULL, NULL, NULL),
	(54, 15, 25, 7, '17:00:00', '2021-11-13', 6, 3, NULL, NULL, NULL, NULL),
	(55, 10, 7, 7, '18:00:00', '2021-11-13', 6, 3, NULL, NULL, NULL, NULL),
	(56, 28, 27, 7, '19:00:00', '2021-11-13', 6, 3, NULL, NULL, NULL, NULL),
	(57, 29, 26, 7, '20:00:00', '2021-11-13', 6, 3, NULL, NULL, NULL, NULL),
	(58, 9, 14, 1, '12:00:00', '2021-10-03', 5, 3, NULL, NULL, NULL, NULL),
	(59, 30, 4, 1, '13:00:00', '2021-10-03', 5, 3, NULL, NULL, NULL, NULL),
	(60, 31, 32, 1, '14:00:00', '2021-10-03', 5, 3, NULL, NULL, NULL, NULL),
	(61, 33, 34, 1, '15:00:00', '2021-10-03', 5, 3, NULL, NULL, NULL, NULL),
	(62, 9, 30, 2, '12:00:00', '2021-10-10', 5, 3, NULL, NULL, NULL, NULL),
	(63, 14, 4, 2, '13:00:00', '2021-10-10', 5, 3, NULL, NULL, NULL, NULL),
	(64, 31, 33, 2, '14:00:00', '2021-10-10', 5, 3, NULL, NULL, NULL, NULL),
	(65, 32, 34, 2, '15:00:00', '2021-10-10', 5, 3, NULL, NULL, NULL, NULL),
	(66, 9, 4, 3, '12:00:00', '2021-10-17', 5, 3, NULL, NULL, NULL, NULL),
	(67, 14, 30, 3, '13:00:00', '2021-10-17', 5, 3, NULL, NULL, NULL, NULL),
	(68, 31, 34, 3, '14:00:00', '2021-10-17', 5, 3, NULL, NULL, NULL, NULL),
	(69, 32, 33, 3, '15:00:00', '2021-10-17', 5, 3, NULL, NULL, NULL, NULL),
	(70, 9, 31, 4, '12:00:00', '2021-10-24', 5, 3, NULL, NULL, NULL, NULL),
	(71, 14, 32, 4, '13:00:00', '2021-10-24', 5, 3, NULL, NULL, NULL, NULL),
	(72, 30, 33, 4, '14:00:00', '2021-10-24', 5, 3, NULL, NULL, NULL, NULL),
	(73, 4, 34, 4, '15:00:00', '2021-10-24', 5, 3, NULL, NULL, NULL, NULL),
	(74, 9, 32, 5, '12:00:00', '2021-10-31', 5, 3, NULL, NULL, NULL, NULL),
	(75, 14, 31, 5, '13:00:00', '2021-10-31', 5, 3, NULL, NULL, NULL, NULL),
	(76, 30, 34, 5, '14:00:00', '2021-10-31', 5, 3, NULL, NULL, NULL, NULL),
	(77, 4, 33, 5, '15:00:00', '2021-10-31', 5, 3, NULL, NULL, NULL, NULL),
	(78, 9, 33, 6, '12:00:00', '2021-11-07', 5, 3, NULL, NULL, NULL, NULL),
	(79, 14, 34, 6, '13:00:00', '2021-11-07', 5, 3, NULL, NULL, NULL, NULL),
	(80, 30, 31, 6, '14:00:00', '2021-11-07', 5, 3, NULL, NULL, NULL, NULL),
	(81, 4, 32, 6, '15:00:00', '2021-11-07', 5, 3, NULL, NULL, NULL, NULL),
	(82, 9, 34, 7, '12:00:00', '2021-11-14', 5, 3, NULL, NULL, NULL, NULL),
	(83, 14, 33, 7, '13:00:00', '2021-11-14', 5, 3, NULL, NULL, NULL, NULL),
	(84, 30, 32, 7, '14:00:00', '2021-11-14', 5, 3, NULL, NULL, NULL, NULL),
	(85, 4, 31, 7, '15:00:00', '2021-11-14', 5, 3, NULL, NULL, NULL, NULL),
	(90, 35, 36, 1, '17:00:00', '2021-10-03', 3, 3, NULL, NULL, NULL, NULL),
	(91, 12, 37, 1, '18:00:00', '2021-10-03', 3, 3, NULL, NULL, NULL, NULL),
	(92, 38, 39, 1, '19:00:00', '2021-10-03', 3, 3, NULL, NULL, NULL, NULL),
	(93, 40, 3, 1, '20:00:00', '2021-10-03', 3, 3, NULL, NULL, NULL, NULL),
	(94, 35, 40, 2, '17:00:00', '2021-10-10', 3, 3, NULL, NULL, NULL, NULL),
	(95, 39, 37, 2, '18:00:00', '2021-10-10', 3, 3, NULL, NULL, NULL, NULL),
	(96, 38, 12, 2, '19:00:00', '2021-10-10', 3, 3, NULL, NULL, NULL, NULL),
	(97, 36, 3, 2, '20:00:00', '2021-10-10', 3, 3, NULL, NULL, NULL, NULL),
	(98, 36, 40, 3, '17:00:00', '2021-10-17', 3, 3, NULL, NULL, NULL, NULL),
	(99, 39, 12, 3, '18:00:00', '2021-10-17', 3, 3, NULL, NULL, NULL, NULL),
	(100, 38, 37, 3, '19:00:00', '2021-10-17', 3, 3, NULL, NULL, NULL, NULL),
	(101, 35, 3, 3, '20:00:00', '2021-10-17', 3, 3, NULL, NULL, NULL, NULL),
	(102, 35, 38, 4, '17:00:00', '2021-10-24', 3, 3, NULL, NULL, NULL, NULL),
	(103, 36, 39, 4, '18:00:00', '2021-10-24', 3, 3, NULL, NULL, NULL, NULL),
	(104, 40, 12, 4, '19:00:00', '2021-10-24', 3, 3, NULL, NULL, NULL, NULL),
	(105, 3, 37, 4, '20:00:00', '2021-10-24', 3, 3, NULL, NULL, NULL, NULL),
	(106, 35, 39, 5, '17:00:00', '2021-10-31', 3, 3, NULL, NULL, NULL, NULL),
	(107, 36, 38, 5, '18:00:00', '2021-10-31', 3, 3, NULL, NULL, NULL, NULL),
	(108, 40, 37, 5, '19:00:00', '2021-10-31', 3, 3, NULL, NULL, NULL, NULL),
	(109, 3, 12, 5, '20:00:00', '2021-10-31', 3, 3, NULL, NULL, NULL, NULL),
	(110, 35, 12, 6, '17:00:00', '2021-11-07', 3, 3, NULL, NULL, NULL, NULL),
	(111, 36, 37, 6, '18:00:00', '2021-11-07', 3, 3, NULL, NULL, NULL, NULL),
	(112, 40, 38, 6, '19:00:00', '2021-11-07', 3, 3, NULL, NULL, NULL, NULL),
	(113, 3, 39, 6, '20:00:00', '2021-11-07', 3, 3, NULL, NULL, NULL, NULL),
	(114, 35, 37, 7, '17:00:00', '2021-11-14', 3, 3, NULL, NULL, NULL, NULL),
	(115, 36, 12, 7, '18:00:00', '2021-11-14', 3, 3, NULL, NULL, NULL, NULL),
	(116, 40, 39, 7, '19:00:00', '2021-11-14', 3, 3, NULL, NULL, NULL, NULL),
	(117, 3, 38, 7, '20:00:00', '2021-11-14', 3, 3, NULL, NULL, NULL, NULL);
/*!40000 ALTER TABLE `schedule` ENABLE KEYS */;

-- Dumping structure for table roundleague.seasons
CREATE TABLE IF NOT EXISTS `seasons` (
  `SeasonID` int NOT NULL AUTO_INCREMENT,
  `SeasonName` varchar(100) DEFAULT NULL,
  `Status` varchar(50) DEFAULT NULL,
  `StartDate` date DEFAULT NULL,
  `EndDate` date DEFAULT NULL,
  PRIMARY KEY (`SeasonID`)
) ENGINE=InnoDB AUTO_INCREMENT=4 DEFAULT CHARSET=utf8mb4 COLLATE=utf8mb4_unicode_ci;

-- Dumping data for table roundleague.seasons: ~2 rows (approximately)
/*!40000 ALTER TABLE `seasons` DISABLE KEYS */;
REPLACE INTO `seasons` (`SeasonID`, `SeasonName`, `Status`, `StartDate`, `EndDate`) VALUES
	(1, 'Spring 2021', 'Inactive', NULL, NULL),
	(2, 'Summer 2021', 'Inactive', NULL, NULL),
	(3, 'Fall 2021', 'Active', '2021-10-02', '2021-12-04');
/*!40000 ALTER TABLE `seasons` ENABLE KEYS */;

-- Dumping structure for table roundleague.standings
CREATE TABLE IF NOT EXISTS `standings` (
  `StandingsID` int NOT NULL AUTO_INCREMENT,
  `TeamID` int DEFAULT NULL,
  `Wins` int DEFAULT NULL,
  `Losses` int DEFAULT NULL,
  `SeasonID` int DEFAULT NULL,
  `DivisionID` int DEFAULT NULL,
  PRIMARY KEY (`StandingsID`)
) ENGINE=InnoDB AUTO_INCREMENT=25 DEFAULT CHARSET=utf8mb4 COLLATE=utf8mb4_unicode_ci COMMENT='Use a trigger to update this table.';

-- Dumping data for table roundleague.standings: ~22 rows (approximately)
/*!40000 ALTER TABLE `standings` DISABLE KEYS */;
REPLACE INTO `standings` (`StandingsID`, `TeamID`, `Wins`, `Losses`, `SeasonID`, `DivisionID`) VALUES
	(1, 3, 4, 1, 1, NULL),
	(2, 17, 4, 1, 1, NULL),
	(3, 1, 3, 2, 1, NULL),
	(6, 2, 2, 3, 1, NULL),
	(7, 18, 2, 3, 1, NULL),
	(8, 19, 0, 5, 1, NULL),
	(9, 2, 6, 1, 2, 2),
	(10, 10, 6, 1, 2, 2),
	(11, 14, 4, 3, 2, 2),
	(12, 7, 4, 3, 2, 2),
	(13, 15, 4, 3, 2, 2),
	(14, 11, 2, 5, 2, 2),
	(15, 16, 2, 5, 2, 2),
	(16, 5, 0, 7, 2, 2),
	(17, 3, 7, 0, 2, 1),
	(18, 6, 4, 3, 2, 1),
	(19, 12, 4, 3, 2, 1),
	(20, 9, 4, 3, 2, 1),
	(21, 1, 4, 3, 2, 1),
	(22, 8, 3, 4, 2, 1),
	(23, 4, 2, 5, 2, 1),
	(24, 13, 0, 7, 2, 1);
/*!40000 ALTER TABLE `standings` ENABLE KEYS */;

-- Dumping structure for table roundleague.teams
CREATE TABLE IF NOT EXISTS `teams` (
  `teamId` int NOT NULL AUTO_INCREMENT,
  `Status` varchar(50) NOT NULL DEFAULT '0',
  `teamName` varchar(50) CHARACTER SET utf8mb4 COLLATE utf8mb4_unicode_ci NOT NULL DEFAULT '',
  `CaptainPlayerID` int NOT NULL DEFAULT '0',
  `RegisterDate` date NOT NULL DEFAULT '0000-00-00',
  `DivisionID` int NOT NULL DEFAULT '0',
  `SeasonID` int NOT NULL DEFAULT '0',
  PRIMARY KEY (`teamId`)
) ENGINE=InnoDB AUTO_INCREMENT=41 DEFAULT CHARSET=utf8mb4 COLLATE=utf8mb4_unicode_ci;

-- Dumping data for table roundleague.teams: ~39 rows (approximately)
/*!40000 ALTER TABLE `teams` DISABLE KEYS */;
REPLACE INTO `teams` (`teamId`, `Status`, `teamName`, `CaptainPlayerID`, `RegisterDate`, `DivisionID`, `SeasonID`) VALUES
	(1, 'Active', 'Oregon ABC', 117, '2021-07-01', 4, 3),
	(2, 'Active', 'Mobb Deep', 0, '2021-07-01', 4, 3),
	(3, 'Active', 'Goodfellas', 79, '2021-07-01', 3, 3),
	(4, 'Active', 'Crossin\' OverToddlers', 2, '2021-07-01', 5, 3),
	(5, 'Inactive', 'Stop Laughing We\'re Trying', 0, '2021-07-01', 2, 2),
	(6, 'Inactive', 'Reapers', 0, '2021-07-01', 1, 2),
	(7, 'Active', 'Hoopers Hoop', 38, '2021-07-01', 6, 3),
	(8, 'Active', 'Young Money', 68, '2021-07-01', 4, 3),
	(9, 'Active', 'Shooting Blanks', 0, '2021-07-01', 5, 3),
	(10, 'Active', 'Smokin\' 3\'s', 0, '2021-07-01', 6, 3),
	(11, 'Inactive', 'The Temptations', 0, '2021-07-01', 2, 2),
	(12, 'Active', 'OPM', 0, '2021-07-01', 3, 3),
	(13, 'Inactive', 'Outlaws', 0, '2021-07-01', 1, 2),
	(14, 'Active', 'Same Energy', 0, '2021-07-01', 5, 3),
	(15, 'Active', 'Playmakerz', 0, '2021-07-01', 6, 3),
	(16, 'Inactive', 'Big Girls Don\'t Kawhi', 0, '2021-07-01', 2, 2),
	(17, 'Inactive', '3\'s On The Road', 0, '2021-04-01', 0, 1),
	(18, 'Inactive', 'Original OG\'s', 0, '2021-04-01', 0, 1),
	(19, 'Inactive', 'West Side Ballers', 0, '2021-04-01', 0, 1),
	(20, 'Active', '3\'s To The Dome', 0, '2021-10-01', 4, 3),
	(21, 'Active', 'Cartel', 0, '2021-10-01', 4, 3),
	(22, 'Active', 'Trillest', 0, '2021-10-01', 4, 3),
	(23, 'Active', 'Rose City Kings', 0, '2021-10-01', 4, 3),
	(24, 'Active', 'Tune Squad', 0, '2021-10-01', 4, 3),
	(25, 'Active', 'OVO', 0, '2021-10-01', 6, 3),
	(26, 'Active', 'Coulda Been', 0, '2021-10-01', 6, 3),
	(27, 'Active', 'Free Agent 1', 0, '2021-10-01', 6, 3),
	(28, 'Active', 'Jayhawks', 0, '2021-10-01', 6, 3),
	(29, 'Active', 'All In', 0, '2021-10-01', 6, 3),
	(30, 'Active', 'Brick N Roll', 0, '2021-10-01', 5, 3),
	(31, 'Active', 'Squadron', 0, '2021-10-01', 5, 3),
	(32, 'Active', 'Kareem Cheese', 0, '2021-10-01', 5, 3),
	(33, 'Active', 'Minx', 0, '2021-10-01', 5, 3),
	(34, 'Active', 'GBOE', 0, '2021-10-01', 5, 3),
	(35, 'Active', 'No Fronts', 0, '2021-10-01', 3, 3),
	(36, 'Active', 'The Murray\'s', 0, '2021-10-01', 3, 3),
	(37, 'Active', 'Aces', 0, '2021-10-01', 3, 3),
	(38, 'Active', 'In Memory Of Eddie Barnett JR.', 0, '2021-10-01', 3, 3),
	(39, 'Active', 'Full Contact', 0, '2021-10-01', 3, 3),
	(40, 'Active', 'The Dream Team', 0, '2021-10-01', 3, 3);
/*!40000 ALTER TABLE `teams` ENABLE KEYS */;

/*!40101 SET SQL_MODE=IFNULL(@OLD_SQL_MODE, '') */;
/*!40014 SET FOREIGN_KEY_CHECKS=IFNULL(@OLD_FOREIGN_KEY_CHECKS, 1) */;
/*!40101 SET CHARACTER_SET_CLIENT=@OLD_CHARACTER_SET_CLIENT */;
/*!40111 SET SQL_NOTES=IFNULL(@OLD_SQL_NOTES, 1) */;
